schema,hardware,codec,operation,resolution,width,height,sequence,source_kind,qp,gop_size,source_timestamp,source_json,mode,frame_num,i_frame_num,p_frame_num,total_bytes,bitrate_kbps,model_initialization_time_s,peak_memory_mb,peak_gpu_memory_mb,reset_interval,throughput_fps,ave_i_frame_bpp,ave_i_frame_psnr,ave_i_frame_msssim,ave_i_frame_psnr_y,ave_i_frame_psnr_u,ave_i_frame_psnr_v,ave_i_frame_msssim_y,ave_i_frame_msssim_u,ave_i_frame_msssim_v,ave_p_frame_bpp,ave_p_frame_psnr,ave_p_frame_msssim,ave_p_frame_psnr_y,ave_p_frame_psnr_u,ave_p_frame_psnr_v,ave_p_frame_msssim_y,ave_p_frame_msssim_u,ave_p_frame_msssim_v,ave_all_frame_bpp,ave_all_frame_psnr,ave_all_frame_msssim,ave_all_frame_psnr_y,ave_all_frame_psnr_u,ave_all_frame_psnr_v,ave_all_frame_msssim_y,ave_all_frame_msssim_u,ave_all_frame_msssim_v
nvcr.python-dcvc-rt.gop.v1,jetson-orin,DCVC-RT,encode,1280x720,1280,720,FourPeople_1280x720_60.yuv,summary,32,1,1786271879,"1280x720/FourPeople_1280x720_60.yuv/FourPeople_1280x720_60.yuv,q=32,gop=1,time=1786271879_encode.json",encode_only,100,100,0,1129187,2710,5.931791,1508.265625,238.165527,64,2.965165,,,,,,,,,,,,,,,,,,,,,,,,,,,
nvcr.python-dcvc-rt.gop.v1,jetson-orin,DCVC-RT,decode,1280x720,1280,720,FourPeople_1280x720_60.yuv,summary,32,1,1786274863,"1280x720/FourPeople_1280x720_60.yuv/FourPeople_1280x720_60.yuv,q=32,gop=1,time=1786274863_decode.json",decode_only,100,100,0,,,5.885983,1450.363281,227.712402,64,1.915257,0.097984,38.851177,0.0,36.751338,44.415325,45.886063,0.0,0.0,0.0,0,0,0,0,0,0,0,0,0,0.097984,38.851177,0.0,36.751338,44.415325,45.886063,0.0,0.0,0.0
nvcr.python-dcvc-rt.gop.v1,jetson-orin,DCVC-RT,encode,1280x720,1280,720,FourPeople_1280x720_60.yuv,summary,32,30,1786271997,"1280x720/FourPeople_1280x720_60.yuv/FourPeople_1280x720_60.yuv,q=32,gop=30,time=1786271997_encode.json",encode_only,100,4,96,132837,318,6.128035,1582.664062,282.241699,64,4.410634,,,,,,,,,,,,,,,,,,,,,,,,,,,
nvcr.python-dcvc-rt.gop.v1,jetson-orin,DCVC-RT,decode,1280x720,1280,720,FourPeople_1280x720_60.yuv,summary,32,30,1786274934,"1280x720/FourPeople_1280x720_60.yuv/FourPeople_1280x720_60.yuv,q=32,gop=30,time=1786274934_decode.json",decode_only,100,4,96,,,5.983511,1584.226562,268.050293,64,2.959131,0.097925,38.865935,0.0,36.762947,44.417296,45.932503,0.0,0.0,0.0,0.007894,40.838781,0.0,38.919223,45.76676,47.428147,0.0,0.0,0.0,0.011496,40.759867,0.0,38.832972,45.712781,47.368321,0.0,0.0,0.0
nvcr.python-dcvc-rt.gop.v1,jetson-orin,DCVC-RT,encode,1280x720,1280,720,FourPeople_1280x720_60.yuv,summary,32,100,1786272070,"1280x720/FourPeople_1280x720_60.yuv/FourPeople_1280x720_60.yuv,q=32,gop=100,time=1786272070_encode.json",encode_only,100,1,99,70465,169,6.171978,1584.78125,282.241699,64,4.456466,,,,,,,,,,,,,,,,,,,,,,,,,,,
nvcr.python-dcvc-rt.gop.v1,jetson-orin,DCVC-RT,decode,1280x720,1280,720,FourPeople_1280x720_60.yuv,summary,32,100,1786274987,"1280x720/FourPeople_1280x720_60.yuv/FourPeople_1280x720_60.yuv,q=32,gop=100,time=1786274987_decode.json",decode_only,100,1,99,,,5.953267,1584.292969,268.050293,64,3.226332,0.099323,38.833945,0.0,36.705225,44.470204,45.97,0.0,0.0,0.0,0.00514,40.720879,0.0,38.766195,45.758585,47.411277,0.0,0.0,0.0,0.006081,40.70201,0.0,38.745586,45.745701,47.396864,0.0,0.0,0.0
nvcr.python-dcvc-rt.gop.v1,jetson-orin,DCVC-RT,encode,176x144,176,144,akiyo_qcif.yuv,summary,32,1,1786275892,"176x144/akiyo_qcif.yuv/akiyo_qcif.yuv,q=32,gop=1,time=1786275892_encode.json",encode_only,100,100,0,59883,143,5.883553,1503.488281,138.309082,64,8.136237,,,,,,,,,,,,,,,,,,,,,,,,,,,
nvcr.python-dcvc-rt.gop.v1,jetson-orin,DCVC-RT,decode,176x144,176,144,akiyo_qcif.yuv,summary,32,1,1786275991,"176x144/akiyo_qcif.yuv/akiyo_qcif.yuv,q=32,gop=1,time=1786275991_decode.json",decode_only,100,100,0,,,5.97436,1480.878906,136.638672,64,14.432493,0.187743,35.919247,0.0,34.532912,36.94995,43.206552,0.0,0.0,0.0,0,0,0,0,0,0,0,0,0,0.187743,35.919247,0.0,34.532912,36.94995,43.206552,0.0,0.0,0.0
nvcr.python-dcvc-rt.gop.v1,jetson-orin,DCVC-RT,encode,176x144,176,144,akiyo_qcif.yuv,summary,32,30,1786275924,"176x144/akiyo_qcif.yuv/akiyo_qcif.yuv,q=32,gop=30,time=1786275924_encode.json",encode_only,100,4,96,7792,18,6.172392,1576.589844,175.342285,64,8.544267,,,,,,,,,,,,,,,,,,,,,,,,,,,
nvcr.python-dcvc-rt.gop.v1,jetson-orin,DCVC-RT,decode,176x144,176,144,akiyo_qcif.yuv,summary,32,30,1786276017,"176x144/akiyo_qcif.yuv/akiyo_qcif.yuv,q=32,gop=30,time=1786276017_decode.json",decode_only,100,4,96,,,5.862359,1510.484375,142.87207,64,19.079968,0.187579,35.89043,0.0,34.49264,36.853454,43.314147,0.0,0.0,0.0,0.016727,38.425476,0.0,37.003713,40.618634,44.762899,0.0,0.0,0.0,0.023561,38.324074,0.0,36.90327,40.468027,44.704949,0.0,0.0,0.0
nvcr.python-dcvc-rt.gop.v1,jetson-orin,DCVC-RT,encode,176x144,176,144,akiyo_qcif.yuv,summary,32,100,1786271410,"176x144/akiyo_qcif.yuv/akiyo_qcif.yuv,q=32,gop=100,time=1786271410_encode.json",encode_only,100,1,99,4602,11,6.589143,1573.9375,175.342285,64,8.106311,,,,,,,,,,,,,,,,,,,,,,,,,,,
nvcr.python-dcvc-rt.gop.v1,jetson-orin,DCVC-RT,decode,176x144,176,144,akiyo_qcif.yuv,summary,32,100,1786274477,"176x144/akiyo_qcif.yuv/akiyo_qcif.yuv,q=32,gop=100,time=1786274477_decode.json",decode_only,100,1,99,,,6.381379,1502.367188,142.87207,64,19.291281,0.188447,35.915473,0.0,34.487525,36.913704,43.484935,0.0,0.0,0.0,0.011749,38.264351,0.0,36.816409,40.617542,44.598813,0.0,0.0,0.0,0.013516,38.240862,0.0,36.79312,40.580504,44.587675,0.0,0.0,0.0
nvcr.python-dcvc-rt.gop.v1,jetson-orin,DCVC-RT,encode,1920x1080,1920,1080,BasketballDrive_1920x1080_50.yuv,summary,32,1,1786229539,"1920x1080/BasketballDrive_1920x1080_50.yuv/BasketballDrive_1920x1080_50.yuv,q=32,gop=1,time=1786229539_encode.json",encode_only,100,100,0,1692162,4061,,1723.886719,381.294922,64,,,,,,,,,,,,,,,,,,,,,,,,,,,,
nvcr.python-dcvc-rt.gop.v1,jetson-orin,DCVC-RT,decode,1920x1080,1920,1080,BasketballDrive_1920x1080_50.yuv,summary,32,1,1786284808,"1920x1080/BasketballDrive_1920x1080_50.yuv/BasketballDrive_1920x1080_50.yuv,q=32,gop=1,time=1786284808_decode.json",decode_only,100,100,0,,,6.558316,1603.605469,346.997559,64,1.052678,0.065264,37.878407,0.0,36.15964,42.897167,43.172246,0.0,0.0,0.0,0,0,0,0,0,0,0,0,0,0.065264,37.878407,0.0,36.15964,42.897167,43.172246,0.0,0.0,0.0
nvcr.python-dcvc-rt.gop.v1,jetson-orin,DCVC-RT,encode,1920x1080,1920,1080,BasketballDrive_1920x1080_50.yuv,summary,32,30,1786278499,"1920x1080/BasketballDrive_1920x1080_50.yuv/BasketballDrive_1920x1080_50.yuv,q=32,gop=30,time=1786278499_encode.json",encode_only,100,4,96,399957,959,6.340355,1924.261719,433.519531,64,2.714961,,,,,,,,,,,,,,,,,,,,,,,,,,,
nvcr.python-dcvc-rt.gop.v1,jetson-orin,DCVC-RT,decode,1920x1080,1920,1080,BasketballDrive_1920x1080_50.yuv,summary,32,30,1786278752,"1920x1080/BasketballDrive_1920x1080_50.yuv/BasketballDrive_1920x1080_50.yuv,q=32,gop=30,time=1786278752_decode.json",decode_only,100,4,96,,,6.011095,1865.5625,433.588379,64,1.644778,0.063862,37.99589,0.0,36.280375,42.981504,43.303371,0.0,0.0,0.0,0.013396,36.624158,0.0,34.9066,42.050494,41.503169,0.0,0.0,0.0,0.015414,36.679027,0.0,34.961551,42.087735,41.575177,0.0,0.0,0.0
nvcr.python-dcvc-rt.gop.v1,jetson-orin,DCVC-RT,encode,1920x1080,1920,1080,BasketballDrive_1920x1080_50.yuv,summary,32,100,1786229769,"1920x1080/BasketballDrive_1920x1080_50.yuv/BasketballDrive_1920x1080_50.yuv,q=32,gop=100,time=1786229769_encode.json",encode_only,100,1,99,335277,804,,1910.765625,433.332031,64,,,,,,,,,,,,,,,,,,,,,,,,,,,,
nvcr.python-dcvc-rt.gop.v1,jetson-orin,DCVC-RT,decode,1920x1080,1920,1080,BasketballDrive_1920x1080_50.yuv,summary,32,100,1786275052,"1920x1080/BasketballDrive_1920x1080_50.yuv/BasketballDrive_1920x1080_50.yuv,q=32,gop=100,time=1786275052_decode.json",decode_only,100,1,99,,,5.900848,1855.597656,433.588379,64,1.658601,0.054429,38.656931,0.0,36.933305,43.706338,43.949282,0.0,0.0,0.0,0.0125,36.466132,0.0,34.732686,41.952003,41.38094,0.0,0.0,0.0,0.012919,36.48804,0.0,34.754692,41.969547,41.406623,0.0,0.0,0.0
nvcr.python-dcvc-rt.gop.v1,jetson-orin,DCVC-RT,encode,352x288,352,288,waterfall_cif.yuv,summary,32,1,1786271455,"352x288/waterfall_cif.yuv/waterfall_cif.yuv,q=32,gop=1,time=1786271455_encode.json",encode_only,100,100,0,362444,869,6.02146,1436.640625,155.305176,64,7.859207,,,,,,,,,,,,,,,,,,,,,,,,,,,
nvcr.python-dcvc-rt.gop.v1,jetson-orin,DCVC-RT,decode,352x288,352,288,waterfall_cif.yuv,summary,32,1,1786274516,"352x288/waterfall_cif.yuv/waterfall_cif.yuv,q=32,gop=1,time=1786274516_decode.json",decode_only,100,100,0,,,5.831261,1423.445312,144.275879,64,9.483349,0.285699,31.989185,0.0,30.474224,35.861084,37.207049,0.0,0.0,0.0,0,0,0,0,0,0,0,0,0,0.285699,31.989185,0.0,30.474224,35.861084,37.207049,0.0,0.0,0.0
nvcr.python-dcvc-rt.gop.v1,jetson-orin,DCVC-RT,encode,352x288,352,288,waterfall_cif.yuv,summary,32,30,1786271489,"352x288/waterfall_cif.yuv/waterfall_cif.yuv,q=32,gop=30,time=1786271489_encode.json",encode_only,100,4,96,54438,130,6.053688,1511.109375,189.870117,64,8.239077,,,,,,,,,,,,,,,,,,,,,,,,,,,
nvcr.python-dcvc-rt.gop.v1,jetson-orin,DCVC-RT,decode,352x288,352,288,waterfall_cif.yuv,summary,32,30,1786274545,"352x288/waterfall_cif.yuv/waterfall_cif.yuv,q=32,gop=30,time=1786274545_decode.json",decode_only,100,4,96,,,5.740369,1473.777344,149.383789,64,14.323198,0.283657,32.000377,0.0,30.491244,35.843769,37.211788,0.0,0.0,0.0,0.032641,34.696617,0.0,33.476253,37.766771,38.948643,0.0,0.0,0.0,0.042682,34.588767,0.0,33.356853,37.689851,38.879168,0.0,0.0,0.0
nvcr.python-dcvc-rt.gop.v1,jetson-orin,DCVC-RT,encode,352x288,352,288,waterfall_cif.yuv,summary,32,100,1786271520,"352x288/waterfall_cif.yuv/waterfall_cif.yuv,q=32,gop=100,time=1786271520_encode.json",encode_only,100,1,99,27491,65,6.100426,1512.316406,180.21582,64,8.268698,,,,,,,,,,,,,,,,,,,,,,,,,,,
nvcr.python-dcvc-rt.gop.v1,jetson-orin,DCVC-RT,decode,352x288,352,288,waterfall_cif.yuv,summary,32,100,1786274571,"352x288/waterfall_cif.yuv/waterfall_cif.yuv,q=32,gop=100,time=1786274571_decode.json",decode_only,100,1,99,,,6.380004,1467.117188,149.383789,64,13.533373,0.27178,32.1071,0.0,30.611421,35.855488,37.332789,0.0,0.0,0.0,0.0189,34.899983,0.0,33.763713,37.71069,38.906898,0.0,0.0,0.0,0.021428,34.872054,0.0,33.73219,37.692138,38.891157,0.0,0.0,0.0
nvcr.python-dcvc-rt.gop.v1,jetson-orin,DCVC-RT,encode,640x360,640,360,BasketballDrive_640x360_50.yuv,summary,32,1,1786278373,"640x360/BasketballDrive_640x360_50.yuv/BasketballDrive_640x360_50.yuv,q=32,gop=1,time=1786278373_encode.json",encode_only,100,100,0,403752,969,6.222632,1502.152344,162.126465,64,6.336081,,,,,,,,,,,,,,,,,,,,,,,,,,,
nvcr.python-dcvc-rt.gop.v1,jetson-orin,DCVC-RT,encode,640x360,640,360,BasketballDrive_640x360_50.yuv,summary,32,1,1786286160,"640x360/BasketballDrive_640x360_50.yuv/BasketballDrive_640x360_50.yuv,q=32,gop=1,time=1786286160_encode.json",encode_only,100,100,0,403752,969,6.313314,1479.777344,162.126465,64,6.289556,,,,,,,,,,,,,,,,,,,,,,,,,,,
nvcr.python-dcvc-rt.gop.v1,jetson-orin,DCVC-RT,decode,640x360,640,360,BasketballDrive_640x360_50.yuv,summary,32,1,1786286533,"640x360/BasketballDrive_640x360_50.yuv/BasketballDrive_640x360_50.yuv,q=32,gop=1,time=1786286533_decode.json",decode_only,100,100,0,,,6.143583,1465.339844,157.472168,64,6.267194,0.140051,36.326411,0.0,34.642103,42.348093,40.41058,0.0,0.0,0.0,0,0,0,0,0,0,0,0,0,0.140051,36.326411,0.0,34.642103,42.348093,40.41058,0.0,0.0,0.0
nvcr.python-dcvc-rt.gop.v1,jetson-orin,DCVC-RT,encode,640x360,640,360,BasketballDrive_640x360_50.yuv,summary,32,30,1786286205,"640x360/BasketballDrive_640x360_50.yuv/BasketballDrive_640x360_50.yuv,q=32,gop=30,time=1786286205_encode.json",encode_only,100,4,96,88609,212,5.961652,1555.890625,199.884277,64,7.598753,,,,,,,,,,,,,,,,,,,,,,,,,,,
nvcr.python-dcvc-rt.gop.v1,jetson-orin,DCVC-RT,decode,640x360,640,360,BasketballDrive_640x360_50.yuv,summary,32,30,1786286568,"640x360/BasketballDrive_640x360_50.yuv/BasketballDrive_640x360_50.yuv,q=32,gop=30,time=1786286568_decode.json",decode_only,100,4,96,,,5.776927,1516.066406,171.682617,64,9.497138,0.13684,36.394128,0.0,34.706635,42.387358,40.525854,0.0,0.0,0.0,0.026198,35.085721,0.0,33.320868,41.649849,39.110713,0.0,0.0,0.0,0.030624,35.138058,0.0,33.376299,41.679349,39.167318,0.0,0.0,0.0
nvcr.python-dcvc-rt.gop.v1,jetson-orin,DCVC-RT,encode,640x360,640,360,BasketballDrive_640x360_50.yuv,summary,32,100,1786276519,"640x360/BasketballDrive_640x360_50.yuv/BasketballDrive_640x360_50.yuv,q=32,gop=100,time=1786276519_encode.json",encode_only,100,1,99,72674,174,6.118864,1567.105469,200.026855,64,7.465633,,,,,,,,,,,,,,,,,,,,,,,,,,,
nvcr.python-dcvc-rt.gop.v1,jetson-orin,DCVC-RT,decode,640x360,640,360,BasketballDrive_640x360_50.yuv,summary,32,100,1786276852,"640x360/BasketballDrive_640x360_50.yuv/BasketballDrive_640x360_50.yuv,q=32,gop=100,time=1786276852_decode.json",decode_only,100,1,99,,,7.866541,1480.308594,171.288086,64,10.080296,0.114653,37.113015,0.0,35.509793,42.741424,41.103941,0.0,0.0,0.0,0.024186,34.909297,0.0,33.127025,41.516961,38.995261,0.0,0.0,0.0,0.025091,34.931334,0.0,33.150853,41.529206,39.016348,0.0,0.0,0.0
nvcr.python-dcvc-rt.gop.v1,jetson-orin,DCVC-RT,encode,960x540,960,540,BasketballDrive_960x540_50.yuv,summary,32,1,1786286256,"960x540/BasketballDrive_960x540_50.yuv/BasketballDrive_960x540_50.yuv,q=32,gop=1,time=1786286256_encode.json",encode_only,100,100,0,692863,1662,6.062799,1469.683594,196.640625,64,4.279421,,,,,,,,,,,,,,,,,,,,,,,,,,,
nvcr.python-dcvc-rt.gop.v1,jetson-orin,DCVC-RT,decode,960x540,960,540,BasketballDrive_960x540_50.yuv,summary,32,1,1786286612,"960x540/BasketballDrive_960x540_50.yuv/BasketballDrive_960x540_50.yuv,q=32,gop=1,time=1786286612_decode.json",decode_only,100,100,0,,,6.33738,1418.269531,187.145508,64,3.499141,0.106861,37.465835,0.0,35.804816,43.13805,41.759728,0.0,0.0,0.0,0,0,0,0,0,0,0,0,0,0.106861,37.465835,0.0,35.804816,43.13805,41.759728,0.0,0.0,0.0
nvcr.python-dcvc-rt.gop.v1,jetson-orin,DCVC-RT,encode,960x540,960,540,BasketballDrive_960x540_50.yuv,summary,32,30,1786286332,"960x540/BasketballDrive_960x540_50.yuv/BasketballDrive_960x540_50.yuv,q=32,gop=30,time=1786286332_encode.json",encode_only,100,4,96,153582,368,6.341604,1543.480469,238.238281,64,5.818096,,,,,,,,,,,,,,,,,,,,,,,,,,,
nvcr.python-dcvc-rt.gop.v1,jetson-orin,DCVC-RT,decode,960x540,960,540,BasketballDrive_960x540_50.yuv,summary,32,30,1786286660,"960x540/BasketballDrive_960x540_50.yuv/BasketballDrive_960x540_50.yuv,q=32,gop=30,time=1786286660_decode.json",decode_only,100,4,96,,,6.122224,1479.980469,212.433594,64,4.724036,0.104468,37.553226,0.0,35.893675,43.150207,41.913549,0.0,0.0,0.0,0.020269,36.116903,0.0,34.360759,42.442622,40.328044,0.0,0.0,0.0,0.023637,36.174356,0.0,34.422076,42.470925,40.391465,0.0,0.0,0.0
nvcr.python-dcvc-rt.gop.v1,jetson-orin,DCVC-RT,encode,960x540,960,540,BasketballDrive_960x540_50.yuv,summary,32,100,1786276696,"960x540/BasketballDrive_960x540_50.yuv/BasketballDrive_960x540_50.yuv,q=32,gop=100,time=1786276696_encode.json",encode_only,100,1,99,126463,303,5.981421,1559.511719,237.035156,64,5.920022,,,,,,,,,,,,,,,,,,,,,,,,,,,
nvcr.python-dcvc-rt.gop.v1,jetson-orin,DCVC-RT,decode,960x540,960,540,BasketballDrive_960x540_50.yuv,summary,32,100,1786277320,"960x540/BasketballDrive_960x540_50.yuv/BasketballDrive_960x540_50.yuv,q=32,gop=100,time=1786277320_decode.json",decode_only,100,1,99,,,6.101903,1495.246094,210.474609,64,4.908746,0.087315,38.308287,0.0,36.707302,43.676512,42.545969,0.0,0.0,0.0,0.018767,35.910704,0.0,34.122989,42.354283,40.193413,0.0,0.0,0.0,0.019452,35.934679,0.0,34.148832,42.367505,40.216938,0.0,0.0,0.0
