sequence,width,height,qp,gop,nvcr_psnr_yuv_db,python_psnr_yuv_db,psnr_delta_python_minus_nvcr_db,nvcr_entropy_bpp,python_entropy_bpp,entropy_bpp_delta_percent,nvcr_file_bpp,python_file_bpp,file_bpp_delta_percent
akiyo-qcif,176,144,0,1,28.616518120,28.629733728,0.013215608,0.048841540404,0.048522727273,-0.652749952,0.077907196970,0.049804292929,-36.072282322
akiyo-qcif,176,144,0,30,30.687071960,30.560041835,-0.127030126,0.005931186869,0.005928030303,-0.053219798,0.034996843434,0.006925505051,-80.211057996
akiyo-qcif,176,144,0,100,30.455463221,30.420001063,-0.035462159,0.003055555556,0.003080808081,0.826446281,0.032121212121,0.004068813131,-87.332940252
akiyo-qcif,176,144,21,1,33.398774875,33.378548408,-0.020226467,0.122313762626,0.121745580808,-0.464528117,0.151379419192,0.123027146465,-18.729278312
akiyo-qcif,176,144,21,30,35.668231502,35.732910095,0.064678593,0.015069444444,0.015047348485,-0.146627566,0.044135101010,0.016066919192,-63.596052067
akiyo-qcif,176,144,21,100,35.419731995,35.535606133,0.115874138,0.008121843434,0.008011363636,-1.360279829,0.037187500000,0.009008838384,-75.774552245
akiyo-qcif,176,144,42,1,38.137608256,38.165376374,0.027768118,0.269040404040,0.268955176768,-0.031678243,0.298106060606,0.270236742424,-9.348792884
akiyo-qcif,176,144,42,30,39.901575012,39.952190602,0.050615590,0.033762626263,0.033380681818,-1.131264024,0.062828282828,0.034428661616,-45.201969453
akiyo-qcif,176,144,42,100,39.776610306,39.861057812,0.084447507,0.020726010101,0.020306186869,-2.025586354,0.049791666667,0.021335227273,-57.151007988
akiyo-qcif,176,144,63,1,42.429786929,42.478748512,0.048961583,0.566808712121,0.566871843434,0.011138028,0.595874368687,0.568153409091,-4.652148347
akiyo-qcif,176,144,63,30,42.918828585,42.987727270,0.068898684,0.073835227273,0.073462752525,-0.504467530,0.102900883838,0.074592803030,-27.510046320
akiyo-qcif,176,144,63,100,42.778400810,42.879198607,0.100797797,0.050795454545,0.050041035354,-1.485210042,0.079861111111,0.051133207071,-35.972332016
basketball-1080p,1920,1080,0,1,32.880649420,32.890540934,0.009891514,0.018713233025,0.018705131173,-0.043294773,0.019068479938,0.018720794753,-1.823350295
basketball-1080p,1920,1080,0,30,31.103471249,31.104275345,0.000804096,0.002697492284,0.002687152778,-0.383300676,0.003052739198,0.002703047840,-11.455002717
basketball-1080p,1920,1080,0,100,30.654955901,30.638417694,-0.016538206,0.002011805556,0.002007600309,-0.209028497,0.002367052469,0.002023495370,-14.514131108
basketball-1080p,1920,1080,21,1,36.258394519,36.264653965,0.006259445,0.042237615741,0.042098881173,-0.328462120,0.042592862654,0.042114544753,-1.123000126
basketball-1080p,1920,1080,21,30,34.876969945,34.885414884,0.008444939,0.008475655864,0.008456674383,-0.223952952,0.008830902778,0.008472569444,-4.057720285
basketball-1080p,1920,1080,21,100,34.543886404,34.548304449,0.004418045,0.006825231481,0.006813927469,-0.165620937,0.007180478395,0.006829822531,-4.883461030
basketball-1080p,1920,1080,42,1,38.834853261,38.851895383,0.017042122,0.098206828704,0.097978202160,-0.232801065,0.098562075617,0.098001581790,-0.568670884
basketball-1080p,1920,1080,42,30,37.823746527,37.835072171,0.011325644,0.026560146605,0.026513348765,-0.176195712,0.026915393519,0.026529629630,-1.433246327
basketball-1080p,1920,1080,42,100,37.680898111,37.694286053,0.013387942,0.022799691358,0.022771913580,-0.121834008,0.023154938272,0.022787962963,-1.584868439
basketball-1080p,1920,1080,63,1,40.923155039,40.956175302,0.033020263,0.281634490741,0.281521682099,-0.040054981,0.281989737654,0.281545061728,-0.157692237
basketball-1080p,1920,1080,63,30,39.815296979,39.838175739,0.022878759,0.086194020062,0.086075270062,-0.137770578,0.086549266975,0.086095949074,-0.523768620
basketball-1080p,1920,1080,63,100,39.743155626,39.765061506,0.021905881,0.076052584877,0.075930478395,-0.160555334,0.076407831790,0.075950617284,-0.598386966
basketball-360p,640,360,0,1,29.911749433,29.921901965,0.010152532,0.033009722222,0.033006944444,-0.008415029,0.036206944444,0.033147916667,-8.448732211
basketball-360p,640,360,0,30,28.727028499,28.740190245,0.013161745,0.004741319444,0.004717708333,-0.497986086,0.007938541667,0.004835069444,-39.093732231
basketball-360p,640,360,0,100,28.359325238,28.360022898,0.000697660,0.003407986111,0.003420138889,0.356597045,0.006605208333,0.003534722222,-46.485832939
basketball-360p,640,360,21,1,33.980442124,33.977835787,-0.002606337,0.084720833333,0.084473263889,-0.292217905,0.087918055556,0.084614236111,-3.757839529
basketball-360p,640,360,21,30,32.732557698,32.760675696,0.028117998,0.016097222222,0.016095138889,-0.012942192,0.019294444444,0.016238194444,-15.840051828
basketball-360p,640,360,21,100,32.460413110,32.489181834,0.028768724,0.012794444444,0.012782291667,-0.094984802,0.015991666667,0.012925000000,-19.176654508
basketball-360p,640,360,42,1,38.294031938,38.308656850,0.014624911,0.217974652778,0.217661805556,-0.143524588,0.221171875000,0.217802777778,-1.523293693
basketball-360p,640,360,42,30,36.873964853,36.872413382,-0.001551470,0.053000000000,0.052798611111,-0.379979036,0.056197222222,0.052941666667,-5.793089813
basketball-360p,640,360,42,100,36.650876186,36.664460927,0.013584741,0.044397569444,0.044458680556,0.137645173,0.047594791667,0.044601736111,-6.288619932
basketball-360p,640,360,63,1,42.500570318,42.541482951,0.040912633,0.514646875000,0.514792013889,0.028201646,0.517844097222,0.514953819444,-0.558136666
basketball-360p,640,360,63,30,40.330353820,40.354272731,0.023918912,0.150417361111,0.150387152778,-0.020083010,0.153614583333,0.150530902778,-2.007413937
basketball-360p,640,360,63,100,40.200041388,40.221070889,0.021029501,0.132690625000,0.132714930556,0.018317463,0.135887847222,0.132857986111,-2.229677762
basketball-540p,960,540,0,1,31.172447653,31.171163066,-0.001284588,0.027385030864,0.027377777778,-0.026485588,0.028806018519,0.027440432099,-4.740628834
basketball-540p,960,540,0,30,29.720638173,29.716726127,-0.003912046,0.003791820988,0.003795833333,0.105815799,0.005212808642,0.003853086420,-26.084253530
basketball-540p,960,540,0,100,29.284002506,29.283154186,-0.000848320,0.002770216049,0.002766820988,-0.122555846,0.004191203704,0.002823148148,-32.641113443
basketball-540p,960,540,21,1,35.133963843,35.137504126,0.003540283,0.065934567901,0.065784104938,-0.228200423,0.067355555556,0.065846759259,-2.240047289
basketball-540p,960,540,21,30,33.859810138,33.891069286,0.031259148,0.012743055556,0.012714969136,-0.220405692,0.014164043210,0.012778549383,-9.781767866
basketball-540p,960,540,21,100,33.504539761,33.517048323,0.012508562,0.010054783951,0.010024228395,-0.303890722,0.011475771605,0.010087808642,-12.094724527
basketball-540p,960,540,42,1,39.165446081,39.179742036,0.014295956,0.162659259259,0.162385339506,-0.168400959,0.164080246914,0.162447993827,-0.994789511
basketball-540p,960,540,42,30,37.793710733,37.806594077,0.012883344,0.040608024691,0.040560956790,-0.115907882,0.042029012346,0.040624537037,-3.341680497
basketball-540p,960,540,42,100,37.578310505,37.591960478,0.013649973,0.034327777778,0.034272376543,-0.161388934,0.035748765432,0.034335956790,-3.952048763
basketball-540p,960,540,63,1,42.843409979,42.883792589,0.040382610,0.386152314815,0.386043364198,-0.028214415,0.387573302469,0.386136882716,-0.370618859
basketball-540p,960,540,63,30,41.098138791,41.125207293,0.027068502,0.118581790123,0.118394907407,-0.157598157,0.120002777778,0.118460030864,-1.285592669
basketball-540p,960,540,63,100,40.971870096,40.993956971,0.022086875,0.105151234568,0.104937500000,-0.203263964,0.106572222222,0.105001697531,-1.473671712
fourpeople-720p,1280,720,0,1,31.863786261,31.890266323,0.026480061,0.026719010417,0.026677170139,-0.156593665,0.027518315972,0.026712413194,-2.928605001
fourpeople-720p,1280,720,0,30,33.838368436,33.871687631,0.033319195,0.002863975694,0.002863975694,0.000000000,0.003663281250,0.002893576389,-21.011350442
fourpeople-720p,1280,720,0,100,33.642059970,33.771475352,0.129415381,0.001279513889,0.001286371528,0.535956581,0.002078819444,0.001314843750,-36.750459329
fourpeople-720p,1280,720,21,1,36.390134490,36.424348498,0.034214008,0.064536024306,0.064397743056,-0.214269862,0.065335329861,0.064432986111,-1.381096188
fourpeople-720p,1280,720,21,30,38.499746819,38.560681055,0.060934236,0.007390625000,0.007368402778,-0.300681231,0.008189930556,0.007400694444,-9.636664264
fourpeople-720p,1280,720,21,100,38.368786006,38.491273654,0.122487649,0.003629861111,0.003626822917,-0.083700019,0.004429166667,0.003658420139,-17.401614926
fourpeople-720p,1280,720,42,1,40.490318112,40.543369631,0.053051519,0.140371180556,0.140068142361,-0.215883484,0.141170486111,0.140103559028,-0.755772055
fourpeople-720p,1280,720,42,30,41.854905791,41.926477914,0.071572123,0.017408420139,0.017292534722,-0.665686006,0.018207725694,0.017328298611,-4.829966675
fourpeople-720p,1280,720,42,100,41.772898691,41.890933013,0.118034322,0.010030989583,0.009945486111,-0.852393191,0.010830295139,0.009981250000,-7.839538332
fourpeople-720p,1280,720,63,1,43.729661409,43.827772749,0.098111340,0.301020225694,0.300785590278,-0.077946728,0.301819531250,0.300838194444,-0.325140259
fourpeople-720p,1280,720,63,30,43.911421782,44.008401465,0.096979684,0.045382465278,0.045223350694,-0.350608065,0.046181770833,0.045259809028,-1.996376035
fourpeople-720p,1280,720,63,100,43.851727276,43.971127439,0.119400162,0.031169097222,0.030964062500,-0.657814119,0.031968402778,0.031000000000,-3.029249802
waterfall-cif,352,288,0,1,26.736012303,26.741380985,0.005368682,0.035564236111,0.035518465909,-0.128697273,0.042830650253,0.035838857323,-16.324274528
waterfall-cif,352,288,0,30,28.023793062,28.047948359,0.024155297,0.004788510101,0.004858743687,1.466710613,0.012054924242,0.005116792929,-57.554333595
waterfall-cif,352,288,0,100,28.013806031,28.029083008,0.015276977,0.002269570707,0.002272727273,0.139082058,0.009535984848,0.002522885101,-73.543528633
waterfall-cif,352,288,21,1,29.662357517,29.661799870,-0.000557647,0.131324179293,0.131126104798,-0.150828656,0.138590593434,0.131446496212,-5.154821150
waterfall-cif,352,288,21,30,32.292541453,32.283075278,-0.009466174,0.023908617424,0.023799715909,-0.455490643,0.031175031566,0.024068023990,-22.797114289
waterfall-cif,352,288,21,100,32.561347469,32.580981250,0.019633781,0.011579861111,0.011615372475,0.306664849,0.018846275253,0.011873421717,-36.998576334
waterfall-cif,352,288,42,1,34.419109310,34.424166268,0.005056958,0.525031565657,0.524331597222,-0.133319305,0.532297979798,0.524651988636,-1.436411832
waterfall-cif,352,288,42,30,36.335168233,36.359494431,0.024326198,0.068502209596,0.068456439394,-0.066815658,0.075768623737,0.068749210859,-9.264273960
waterfall-cif,352,288,42,100,36.529374303,36.584389551,0.055015248,0.035958017677,0.036098484848,0.390642145,0.043224431818,0.036385732323,-15.821375105
waterfall-cif,352,288,63,1,39.936101021,39.954115572,0.018014550,1.333105271465,1.332634154040,-0.035339852,1.340371685606,1.333099747475,-0.542531464
waterfall-cif,352,288,63,30,39.585357547,39.608414299,0.023056752,0.165033143939,0.164384469697,-0.393056950,0.172299558081,0.164714330808,-4.402348652
waterfall-cif,352,288,63,100,39.605119767,39.630967018,0.025847251,0.106003787879,0.105475852273,-0.498034661,0.113270202020,0.105800978535,-6.594164530
