sequence,width,height,gop,qp,implementation,content_id,input_sha256,frames,entropy_bpp,file_bpp,psnr_yuv_db,quality_contract,fingerprint
akiyo-qcif,176,144,1,0,nvcr,akiyo,c7c95c0e81df52f6819c6bea4da8a91f0b3a39afb1d68f72d7768a47405e3045,100,0.04879419191919192,0.07785984848484849,28.627825997194265,decoded-yuv420p8-pooled-plane-6-1-1-v1,a6cc2b4f3c254003fbd2c4278a59d4682682813b179d6c1fa83cfa38036a993e
akiyo-qcif,176,144,1,21,nvcr,akiyo,c7c95c0e81df52f6819c6bea4da8a91f0b3a39afb1d68f72d7768a47405e3045,100,0.12227272727272727,0.15133838383838383,33.39585291835823,decoded-yuv420p8-pooled-plane-6-1-1-v1,a6cc2b4f3c254003fbd2c4278a59d4682682813b179d6c1fa83cfa38036a993e
akiyo-qcif,176,144,1,42,nvcr,akiyo,c7c95c0e81df52f6819c6bea4da8a91f0b3a39afb1d68f72d7768a47405e3045,100,0.26906565656565656,0.29813131313131314,38.141044796890164,decoded-yuv420p8-pooled-plane-6-1-1-v1,a6cc2b4f3c254003fbd2c4278a59d4682682813b179d6c1fa83cfa38036a993e
akiyo-qcif,176,144,1,63,nvcr,akiyo,c7c95c0e81df52f6819c6bea4da8a91f0b3a39afb1d68f72d7768a47405e3045,100,0.5669949494949494,0.5960606060606061,42.4323340025539,decoded-yuv420p8-pooled-plane-6-1-1-v1,a6cc2b4f3c254003fbd2c4278a59d4682682813b179d6c1fa83cfa38036a993e
akiyo-qcif,176,144,1,0,python,akiyo,c7c95c0e81df52f6819c6bea4da8a91f0b3a39afb1d68f72d7768a47405e3045,100,0.04851325757575758,0.04979482323232323,28.618143449694777,decoded-yuv420p8-pooled-plane-6-1-1-v1,a6cc2b4f3c254003fbd2c4278a59d4682682813b179d6c1fa83cfa38036a993e
akiyo-qcif,176,144,1,21,python,akiyo,c7c95c0e81df52f6819c6bea4da8a91f0b3a39afb1d68f72d7768a47405e3045,100,0.12175820707070707,0.12303977272727273,33.390070832935365,decoded-yuv420p8-pooled-plane-6-1-1-v1,a6cc2b4f3c254003fbd2c4278a59d4682682813b179d6c1fa83cfa38036a993e
akiyo-qcif,176,144,1,42,python,akiyo,c7c95c0e81df52f6819c6bea4da8a91f0b3a39afb1d68f72d7768a47405e3045,100,0.2688920454545455,0.2701736111111111,38.15508143650902,decoded-yuv420p8-pooled-plane-6-1-1-v1,a6cc2b4f3c254003fbd2c4278a59d4682682813b179d6c1fa83cfa38036a993e
akiyo-qcif,176,144,1,63,python,akiyo,c7c95c0e81df52f6819c6bea4da8a91f0b3a39afb1d68f72d7768a47405e3045,100,0.5668434343434343,0.568125,42.478349621517765,decoded-yuv420p8-pooled-plane-6-1-1-v1,a6cc2b4f3c254003fbd2c4278a59d4682682813b179d6c1fa83cfa38036a993e
akiyo-qcif,176,144,30,0,nvcr,akiyo,c7c95c0e81df52f6819c6bea4da8a91f0b3a39afb1d68f72d7768a47405e3045,100,0.005934343434343434,0.035,30.623551118671305,decoded-yuv420p8-pooled-plane-6-1-1-v1,a6cc2b4f3c254003fbd2c4278a59d4682682813b179d6c1fa83cfa38036a993e
akiyo-qcif,176,144,30,21,nvcr,akiyo,c7c95c0e81df52f6819c6bea4da8a91f0b3a39afb1d68f72d7768a47405e3045,100,0.015097853535353535,0.0441635101010101,35.67896889334481,decoded-yuv420p8-pooled-plane-6-1-1-v1,a6cc2b4f3c254003fbd2c4278a59d4682682813b179d6c1fa83cfa38036a993e
akiyo-qcif,176,144,30,42,nvcr,akiyo,c7c95c0e81df52f6819c6bea4da8a91f0b3a39afb1d68f72d7768a47405e3045,100,0.033592171717171715,0.06265782828282829,39.918809744614784,decoded-yuv420p8-pooled-plane-6-1-1-v1,a6cc2b4f3c254003fbd2c4278a59d4682682813b179d6c1fa83cfa38036a993e
akiyo-qcif,176,144,30,63,nvcr,akiyo,c7c95c0e81df52f6819c6bea4da8a91f0b3a39afb1d68f72d7768a47405e3045,100,0.07340593434343434,0.10247159090909091,42.912322589673344,decoded-yuv420p8-pooled-plane-6-1-1-v1,a6cc2b4f3c254003fbd2c4278a59d4682682813b179d6c1fa83cfa38036a993e
akiyo-qcif,176,144,30,0,python,akiyo,c7c95c0e81df52f6819c6bea4da8a91f0b3a39afb1d68f72d7768a47405e3045,100,0.005918560606060606,0.006916035353535354,30.676382995483266,decoded-yuv420p8-pooled-plane-6-1-1-v1,a6cc2b4f3c254003fbd2c4278a59d4682682813b179d6c1fa83cfa38036a993e
akiyo-qcif,176,144,30,21,python,akiyo,c7c95c0e81df52f6819c6bea4da8a91f0b3a39afb1d68f72d7768a47405e3045,100,0.014880050505050505,0.015902777777777776,35.68172641762044,decoded-yuv420p8-pooled-plane-6-1-1-v1,a6cc2b4f3c254003fbd2c4278a59d4682682813b179d6c1fa83cfa38036a993e
akiyo-qcif,176,144,30,42,python,akiyo,c7c95c0e81df52f6819c6bea4da8a91f0b3a39afb1d68f72d7768a47405e3045,100,0.033538510101010104,0.03458964646464646,39.94392569249249,decoded-yuv420p8-pooled-plane-6-1-1-v1,a6cc2b4f3c254003fbd2c4278a59d4682682813b179d6c1fa83cfa38036a993e
akiyo-qcif,176,144,30,63,python,akiyo,c7c95c0e81df52f6819c6bea4da8a91f0b3a39afb1d68f72d7768a47405e3045,100,0.07327020202020203,0.07439709595959595,42.98023381772306,decoded-yuv420p8-pooled-plane-6-1-1-v1,a6cc2b4f3c254003fbd2c4278a59d4682682813b179d6c1fa83cfa38036a993e
akiyo-qcif,176,144,100,0,nvcr,akiyo,c7c95c0e81df52f6819c6bea4da8a91f0b3a39afb1d68f72d7768a47405e3045,100,0.003115530303030303,0.032181186868686866,30.553849712771324,decoded-yuv420p8-pooled-plane-6-1-1-v1,a6cc2b4f3c254003fbd2c4278a59d4682682813b179d6c1fa83cfa38036a993e
akiyo-qcif,176,144,100,21,nvcr,akiyo,c7c95c0e81df52f6819c6bea4da8a91f0b3a39afb1d68f72d7768a47405e3045,100,0.00803030303030303,0.0370959595959596,35.579973532094385,decoded-yuv420p8-pooled-plane-6-1-1-v1,a6cc2b4f3c254003fbd2c4278a59d4682682813b179d6c1fa83cfa38036a993e
akiyo-qcif,176,144,100,42,nvcr,akiyo,c7c95c0e81df52f6819c6bea4da8a91f0b3a39afb1d68f72d7768a47405e3045,100,0.020533459595959595,0.049599116161616164,39.84455447929082,decoded-yuv420p8-pooled-plane-6-1-1-v1,a6cc2b4f3c254003fbd2c4278a59d4682682813b179d6c1fa83cfa38036a993e
akiyo-qcif,176,144,100,63,nvcr,akiyo,c7c95c0e81df52f6819c6bea4da8a91f0b3a39afb1d68f72d7768a47405e3045,100,0.050381944444444444,0.07944760101010101,42.76560256316949,decoded-yuv420p8-pooled-plane-6-1-1-v1,a6cc2b4f3c254003fbd2c4278a59d4682682813b179d6c1fa83cfa38036a993e
akiyo-qcif,176,144,100,0,python,akiyo,c7c95c0e81df52f6819c6bea4da8a91f0b3a39afb1d68f72d7768a47405e3045,100,0.0031470959595959595,0.00413510101010101,30.53606418410464,decoded-yuv420p8-pooled-plane-6-1-1-v1,a6cc2b4f3c254003fbd2c4278a59d4682682813b179d6c1fa83cfa38036a993e
akiyo-qcif,176,144,100,21,python,akiyo,c7c95c0e81df52f6819c6bea4da8a91f0b3a39afb1d68f72d7768a47405e3045,100,0.007913510101010102,0.008910984848484849,35.49555066814615,decoded-yuv420p8-pooled-plane-6-1-1-v1,a6cc2b4f3c254003fbd2c4278a59d4682682813b179d6c1fa83cfa38036a993e
akiyo-qcif,176,144,100,42,python,akiyo,c7c95c0e81df52f6819c6bea4da8a91f0b3a39afb1d68f72d7768a47405e3045,100,0.020583964646464645,0.02161300505050505,39.85041517939263,decoded-yuv420p8-pooled-plane-6-1-1-v1,a6cc2b4f3c254003fbd2c4278a59d4682682813b179d6c1fa83cfa38036a993e
akiyo-qcif,176,144,100,63,python,akiyo,c7c95c0e81df52f6819c6bea4da8a91f0b3a39afb1d68f72d7768a47405e3045,100,0.05014835858585859,0.0512405303030303,42.86747874348105,decoded-yuv420p8-pooled-plane-6-1-1-v1,a6cc2b4f3c254003fbd2c4278a59d4682682813b179d6c1fa83cfa38036a993e
basketball-1080p,1920,1080,1,0,nvcr,basketball-drive,e004197c0a412ad50ba5746c826e7aaa112dfc18a0cdf6953f4fe3cd83445cef,100,0.018713425925925925,0.01906867283950617,32.882858759821985,decoded-yuv420p8-pooled-plane-6-1-1-v1,a6cc2b4f3c254003fbd2c4278a59d4682682813b179d6c1fa83cfa38036a993e
basketball-1080p,1920,1080,1,21,nvcr,basketball-drive,e004197c0a412ad50ba5746c826e7aaa112dfc18a0cdf6953f4fe3cd83445cef,100,0.042233680555555556,0.042588927469135805,36.256648474661205,decoded-yuv420p8-pooled-plane-6-1-1-v1,a6cc2b4f3c254003fbd2c4278a59d4682682813b179d6c1fa83cfa38036a993e
basketball-1080p,1920,1080,1,42,nvcr,basketball-drive,e004197c0a412ad50ba5746c826e7aaa112dfc18a0cdf6953f4fe3cd83445cef,100,0.09825003858024692,0.09860528549382716,38.832553910755415,decoded-yuv420p8-pooled-plane-6-1-1-v1,a6cc2b4f3c254003fbd2c4278a59d4682682813b179d6c1fa83cfa38036a993e
basketball-1080p,1920,1080,1,63,nvcr,basketball-drive,e004197c0a412ad50ba5746c826e7aaa112dfc18a0cdf6953f4fe3cd83445cef,100,0.28162592592592595,0.2819811728395062,40.918756346922436,decoded-yuv420p8-pooled-plane-6-1-1-v1,a6cc2b4f3c254003fbd2c4278a59d4682682813b179d6c1fa83cfa38036a993e
basketball-1080p,1920,1080,1,0,python,basketball-drive,e004197c0a412ad50ba5746c826e7aaa112dfc18a0cdf6953f4fe3cd83445cef,100,0.018701118827160496,0.018716782407407408,32.889595691421135,decoded-yuv420p8-pooled-plane-6-1-1-v1,a6cc2b4f3c254003fbd2c4278a59d4682682813b179d6c1fa83cfa38036a993e
basketball-1080p,1920,1080,1,21,python,basketball-drive,e004197c0a412ad50ba5746c826e7aaa112dfc18a0cdf6953f4fe3cd83445cef,100,0.04209375,0.04210941358024691,36.26350038800501,decoded-yuv420p8-pooled-plane-6-1-1-v1,a6cc2b4f3c254003fbd2c4278a59d4682682813b179d6c1fa83cfa38036a993e
basketball-1080p,1920,1080,1,42,python,basketball-drive,e004197c0a412ad50ba5746c826e7aaa112dfc18a0cdf6953f4fe3cd83445cef,100,0.09797889660493828,0.0980022762345679,38.851628126895,decoded-yuv420p8-pooled-plane-6-1-1-v1,a6cc2b4f3c254003fbd2c4278a59d4682682813b179d6c1fa83cfa38036a993e
basketball-1080p,1920,1080,1,63,python,basketball-drive,e004197c0a412ad50ba5746c826e7aaa112dfc18a0cdf6953f4fe3cd83445cef,100,0.2815058641975309,0.2815292438271605,40.956157153130896,decoded-yuv420p8-pooled-plane-6-1-1-v1,a6cc2b4f3c254003fbd2c4278a59d4682682813b179d6c1fa83cfa38036a993e
basketball-1080p,1920,1080,30,0,nvcr,basketball-drive,e004197c0a412ad50ba5746c826e7aaa112dfc18a0cdf6953f4fe3cd83445cef,100,0.002697608024691358,0.0030528549382716048,31.10770672117401,decoded-yuv420p8-pooled-plane-6-1-1-v1,a6cc2b4f3c254003fbd2c4278a59d4682682813b179d6c1fa83cfa38036a993e
basketball-1080p,1920,1080,30,21,nvcr,basketball-drive,e004197c0a412ad50ba5746c826e7aaa112dfc18a0cdf6953f4fe3cd83445cef,100,0.008476736111111112,0.008831983024691358,34.88032675727674,decoded-yuv420p8-pooled-plane-6-1-1-v1,a6cc2b4f3c254003fbd2c4278a59d4682682813b179d6c1fa83cfa38036a993e
basketball-1080p,1920,1080,30,42,nvcr,basketball-drive,e004197c0a412ad50ba5746c826e7aaa112dfc18a0cdf6953f4fe3cd83445cef,100,0.02654729938271605,0.026902546296296296,37.82160357546114,decoded-yuv420p8-pooled-plane-6-1-1-v1,a6cc2b4f3c254003fbd2c4278a59d4682682813b179d6c1fa83cfa38036a993e
basketball-1080p,1920,1080,30,63,nvcr,basketball-drive,e004197c0a412ad50ba5746c826e7aaa112dfc18a0cdf6953f4fe3cd83445cef,100,0.08622391975308642,0.08657916666666667,39.81505441862332,decoded-yuv420p8-pooled-plane-6-1-1-v1,a6cc2b4f3c254003fbd2c4278a59d4682682813b179d6c1fa83cfa38036a993e
basketball-1080p,1920,1080,30,0,python,basketball-drive,e004197c0a412ad50ba5746c826e7aaa112dfc18a0cdf6953f4fe3cd83445cef,100,0.0026859953703703703,0.0027018904320987654,31.116134231246797,decoded-yuv420p8-pooled-plane-6-1-1-v1,a6cc2b4f3c254003fbd2c4278a59d4682682813b179d6c1fa83cfa38036a993e
basketball-1080p,1920,1080,30,21,python,basketball-drive,e004197c0a412ad50ba5746c826e7aaa112dfc18a0cdf6953f4fe3cd83445cef,100,0.008452121913580246,0.008468016975308641,34.88585539711869,decoded-yuv420p8-pooled-plane-6-1-1-v1,a6cc2b4f3c254003fbd2c4278a59d4682682813b179d6c1fa83cfa38036a993e
basketball-1080p,1920,1080,30,42,python,basketball-drive,e004197c0a412ad50ba5746c826e7aaa112dfc18a0cdf6953f4fe3cd83445cef,100,0.026526388888888888,0.02654266975308642,37.83671343301081,decoded-yuv420p8-pooled-plane-6-1-1-v1,a6cc2b4f3c254003fbd2c4278a59d4682682813b179d6c1fa83cfa38036a993e
basketball-1080p,1920,1080,30,63,python,basketball-drive,e004197c0a412ad50ba5746c826e7aaa112dfc18a0cdf6953f4fe3cd83445cef,100,0.0861045524691358,0.08612523148148148,39.837830218713734,decoded-yuv420p8-pooled-plane-6-1-1-v1,a6cc2b4f3c254003fbd2c4278a59d4682682813b179d6c1fa83cfa38036a993e
basketball-1080p,1920,1080,100,0,nvcr,basketball-drive,e004197c0a412ad50ba5746c826e7aaa112dfc18a0cdf6953f4fe3cd83445cef,100,0.002010108024691358,0.002365354938271605,30.630411685578864,decoded-yuv420p8-pooled-plane-6-1-1-v1,a6cc2b4f3c254003fbd2c4278a59d4682682813b179d6c1fa83cfa38036a993e
basketball-1080p,1920,1080,100,21,nvcr,basketball-drive,e004197c0a412ad50ba5746c826e7aaa112dfc18a0cdf6953f4fe3cd83445cef,100,0.006838618827160494,0.007193865740740741,34.54735553536218,decoded-yuv420p8-pooled-plane-6-1-1-v1,a6cc2b4f3c254003fbd2c4278a59d4682682813b179d6c1fa83cfa38036a993e
basketball-1080p,1920,1080,100,42,nvcr,basketball-drive,e004197c0a412ad50ba5746c826e7aaa112dfc18a0cdf6953f4fe3cd83445cef,100,0.022781134259259258,0.023136381172839508,37.681984023917714,decoded-yuv420p8-pooled-plane-6-1-1-v1,a6cc2b4f3c254003fbd2c4278a59d4682682813b179d6c1fa83cfa38036a993e
basketball-1080p,1920,1080,100,63,nvcr,basketball-drive,e004197c0a412ad50ba5746c826e7aaa112dfc18a0cdf6953f4fe3cd83445cef,100,0.07608028549382716,0.07643553240740741,39.742878966948794,decoded-yuv420p8-pooled-plane-6-1-1-v1,a6cc2b4f3c254003fbd2c4278a59d4682682813b179d6c1fa83cfa38036a993e
basketball-1080p,1920,1080,100,0,python,basketball-drive,e004197c0a412ad50ba5746c826e7aaa112dfc18a0cdf6953f4fe3cd83445cef,100,0.0019958333333333334,0.0020117283950617285,30.630509479106813,decoded-yuv420p8-pooled-plane-6-1-1-v1,a6cc2b4f3c254003fbd2c4278a59d4682682813b179d6c1fa83cfa38036a993e
basketball-1080p,1920,1080,100,21,python,basketball-drive,e004197c0a412ad50ba5746c826e7aaa112dfc18a0cdf6953f4fe3cd83445cef,100,0.006818402777777777,0.0068342978395061725,34.55203557176532,decoded-yuv420p8-pooled-plane-6-1-1-v1,a6cc2b4f3c254003fbd2c4278a59d4682682813b179d6c1fa83cfa38036a993e
basketball-1080p,1920,1080,100,42,python,basketball-drive,e004197c0a412ad50ba5746c826e7aaa112dfc18a0cdf6953f4fe3cd83445cef,100,0.02276141975308642,0.022777469135802468,37.697549465129775,decoded-yuv420p8-pooled-plane-6-1-1-v1,a6cc2b4f3c254003fbd2c4278a59d4682682813b179d6c1fa83cfa38036a993e
basketball-1080p,1920,1080,100,63,python,basketball-drive,e004197c0a412ad50ba5746c826e7aaa112dfc18a0cdf6953f4fe3cd83445cef,100,0.0759412037037037,0.07596134259259259,39.76412833901876,decoded-yuv420p8-pooled-plane-6-1-1-v1,a6cc2b4f3c254003fbd2c4278a59d4682682813b179d6c1fa83cfa38036a993e
basketball-360p,640,360,1,0,nvcr,basketball-drive,09b7d325b7f209766e88f4621ae5ea03923ea17d08c8ee1a30577b81988a449b,100,0.03305486111111111,0.03625208333333333,29.921554505792884,decoded-yuv420p8-pooled-plane-6-1-1-v1,a6cc2b4f3c254003fbd2c4278a59d4682682813b179d6c1fa83cfa38036a993e
basketball-360p,640,360,1,21,nvcr,basketball-drive,09b7d325b7f209766e88f4621ae5ea03923ea17d08c8ee1a30577b81988a449b,100,0.08475520833333333,0.08795243055555556,33.97950648793022,decoded-yuv420p8-pooled-plane-6-1-1-v1,a6cc2b4f3c254003fbd2c4278a59d4682682813b179d6c1fa83cfa38036a993e
basketball-360p,640,360,1,42,nvcr,basketball-drive,09b7d325b7f209766e88f4621ae5ea03923ea17d08c8ee1a30577b81988a449b,100,0.21809131944444443,0.22128854166666667,38.28814596058163,decoded-yuv420p8-pooled-plane-6-1-1-v1,a6cc2b4f3c254003fbd2c4278a59d4682682813b179d6c1fa83cfa38036a993e
basketball-360p,640,360,1,63,nvcr,basketball-drive,09b7d325b7f209766e88f4621ae5ea03923ea17d08c8ee1a30577b81988a449b,100,0.514853125,0.5180503472222222,42.47939541690903,decoded-yuv420p8-pooled-plane-6-1-1-v1,a6cc2b4f3c254003fbd2c4278a59d4682682813b179d6c1fa83cfa38036a993e
basketball-360p,640,360,1,0,python,basketball-drive,09b7d325b7f209766e88f4621ae5ea03923ea17d08c8ee1a30577b81988a449b,100,0.033035416666666664,0.03317638888888889,29.933669470087814,decoded-yuv420p8-pooled-plane-6-1-1-v1,a6cc2b4f3c254003fbd2c4278a59d4682682813b179d6c1fa83cfa38036a993e
basketball-360p,640,360,1,21,python,basketball-drive,09b7d325b7f209766e88f4621ae5ea03923ea17d08c8ee1a30577b81988a449b,100,0.08450798611111111,0.08464895833333333,33.97850640844014,decoded-yuv420p8-pooled-plane-6-1-1-v1,a6cc2b4f3c254003fbd2c4278a59d4682682813b179d6c1fa83cfa38036a993e
basketball-360p,640,360,1,42,python,basketball-drive,09b7d325b7f209766e88f4621ae5ea03923ea17d08c8ee1a30577b81988a449b,100,0.21767083333333334,0.21781180555555554,38.30037716517786,decoded-yuv420p8-pooled-plane-6-1-1-v1,a6cc2b4f3c254003fbd2c4278a59d4682682813b179d6c1fa83cfa38036a993e
basketball-360p,640,360,1,63,python,basketball-drive,09b7d325b7f209766e88f4621ae5ea03923ea17d08c8ee1a30577b81988a449b,100,0.5149024305555555,0.5150642361111111,42.52186127090818,decoded-yuv420p8-pooled-plane-6-1-1-v1,a6cc2b4f3c254003fbd2c4278a59d4682682813b179d6c1fa83cfa38036a993e
basketball-360p,640,360,30,0,nvcr,basketball-drive,09b7d325b7f209766e88f4621ae5ea03923ea17d08c8ee1a30577b81988a449b,100,0.004734722222222223,0.007931944444444445,28.710021650415527,decoded-yuv420p8-pooled-plane-6-1-1-v1,a6cc2b4f3c254003fbd2c4278a59d4682682813b179d6c1fa83cfa38036a993e
basketball-360p,640,360,30,21,nvcr,basketball-drive,09b7d325b7f209766e88f4621ae5ea03923ea17d08c8ee1a30577b81988a449b,100,0.01615173611111111,0.019348958333333333,32.771968328941064,decoded-yuv420p8-pooled-plane-6-1-1-v1,a6cc2b4f3c254003fbd2c4278a59d4682682813b179d6c1fa83cfa38036a993e
basketball-360p,640,360,30,42,nvcr,basketball-drive,09b7d325b7f209766e88f4621ae5ea03923ea17d08c8ee1a30577b81988a449b,100,0.05293020833333333,0.05612743055555556,36.856331904332905,decoded-yuv420p8-pooled-plane-6-1-1-v1,a6cc2b4f3c254003fbd2c4278a59d4682682813b179d6c1fa83cfa38036a993e
basketball-360p,640,360,30,63,nvcr,basketball-drive,09b7d325b7f209766e88f4621ae5ea03923ea17d08c8ee1a30577b81988a449b,100,0.15064131944444445,0.15383854166666666,40.3212075132598,decoded-yuv420p8-pooled-plane-6-1-1-v1,a6cc2b4f3c254003fbd2c4278a59d4682682813b179d6c1fa83cfa38036a993e
basketball-360p,640,360,30,0,python,basketball-drive,09b7d325b7f209766e88f4621ae5ea03923ea17d08c8ee1a30577b81988a449b,100,0.004682291666666667,0.0048,28.715332316649338,decoded-yuv420p8-pooled-plane-6-1-1-v1,a6cc2b4f3c254003fbd2c4278a59d4682682813b179d6c1fa83cfa38036a993e
basketball-360p,640,360,30,21,python,basketball-drive,09b7d325b7f209766e88f4621ae5ea03923ea17d08c8ee1a30577b81988a449b,100,0.016144097222222223,0.01628715277777778,32.769493430142745,decoded-yuv420p8-pooled-plane-6-1-1-v1,a6cc2b4f3c254003fbd2c4278a59d4682682813b179d6c1fa83cfa38036a993e
basketball-360p,640,360,30,42,python,basketball-drive,09b7d325b7f209766e88f4621ae5ea03923ea17d08c8ee1a30577b81988a449b,100,0.052827430555555555,0.05297048611111111,36.86557460104075,decoded-yuv420p8-pooled-plane-6-1-1-v1,a6cc2b4f3c254003fbd2c4278a59d4682682813b179d6c1fa83cfa38036a993e
basketball-360p,640,360,30,63,python,basketball-drive,09b7d325b7f209766e88f4621ae5ea03923ea17d08c8ee1a30577b81988a449b,100,0.1504809027777778,0.15062465277777778,40.34087909858426,decoded-yuv420p8-pooled-plane-6-1-1-v1,a6cc2b4f3c254003fbd2c4278a59d4682682813b179d6c1fa83cfa38036a993e
basketball-360p,640,360,100,0,nvcr,basketball-drive,09b7d325b7f209766e88f4621ae5ea03923ea17d08c8ee1a30577b81988a449b,100,0.0033916666666666665,0.006588888888888889,28.35690702558213,decoded-yuv420p8-pooled-plane-6-1-1-v1,a6cc2b4f3c254003fbd2c4278a59d4682682813b179d6c1fa83cfa38036a993e
basketball-360p,640,360,100,21,nvcr,basketball-drive,09b7d325b7f209766e88f4621ae5ea03923ea17d08c8ee1a30577b81988a449b,100,0.01275798611111111,0.01595520833333333,32.47332219027932,decoded-yuv420p8-pooled-plane-6-1-1-v1,a6cc2b4f3c254003fbd2c4278a59d4682682813b179d6c1fa83cfa38036a993e
basketball-360p,640,360,100,42,nvcr,basketball-drive,09b7d325b7f209766e88f4621ae5ea03923ea17d08c8ee1a30577b81988a449b,100,0.04450173611111111,0.04769895833333333,36.64046873378834,decoded-yuv420p8-pooled-plane-6-1-1-v1,a6cc2b4f3c254003fbd2c4278a59d4682682813b179d6c1fa83cfa38036a993e
basketball-360p,640,360,100,63,nvcr,basketball-drive,09b7d325b7f209766e88f4621ae5ea03923ea17d08c8ee1a30577b81988a449b,100,0.13290208333333334,0.13609930555555555,40.1890782764895,decoded-yuv420p8-pooled-plane-6-1-1-v1,a6cc2b4f3c254003fbd2c4278a59d4682682813b179d6c1fa83cfa38036a993e
basketball-360p,640,360,100,0,python,basketball-drive,09b7d325b7f209766e88f4621ae5ea03923ea17d08c8ee1a30577b81988a449b,100,0.0033697916666666668,0.003484375,28.370500704476395,decoded-yuv420p8-pooled-plane-6-1-1-v1,a6cc2b4f3c254003fbd2c4278a59d4682682813b179d6c1fa83cfa38036a993e
basketball-360p,640,360,100,21,python,basketball-drive,09b7d325b7f209766e88f4621ae5ea03923ea17d08c8ee1a30577b81988a449b,100,0.012714236111111112,0.012856944444444445,32.473718668981675,decoded-yuv420p8-pooled-plane-6-1-1-v1,a6cc2b4f3c254003fbd2c4278a59d4682682813b179d6c1fa83cfa38036a993e
basketball-360p,640,360,100,42,python,basketball-drive,09b7d325b7f209766e88f4621ae5ea03923ea17d08c8ee1a30577b81988a449b,100,0.04450763888888889,0.044650694444444444,36.65164552643488,decoded-yuv420p8-pooled-plane-6-1-1-v1,a6cc2b4f3c254003fbd2c4278a59d4682682813b179d6c1fa83cfa38036a993e
basketball-360p,640,360,100,63,python,basketball-drive,09b7d325b7f209766e88f4621ae5ea03923ea17d08c8ee1a30577b81988a449b,100,0.13274270833333332,0.1328857638888889,40.20838565406153,decoded-yuv420p8-pooled-plane-6-1-1-v1,a6cc2b4f3c254003fbd2c4278a59d4682682813b179d6c1fa83cfa38036a993e
basketball-540p,960,540,1,0,nvcr,basketball-drive,4ffe7801f3adfaef8ef4480a2b72d9696ca0459570b9846d3445eafda670c053,100,0.027360802469135803,0.02878179012345679,31.163280267971544,decoded-yuv420p8-pooled-plane-6-1-1-v1,a6cc2b4f3c254003fbd2c4278a59d4682682813b179d6c1fa83cfa38036a993e
basketball-540p,960,540,1,21,nvcr,basketball-drive,4ffe7801f3adfaef8ef4480a2b72d9696ca0459570b9846d3445eafda670c053,100,0.06599043209876543,0.06741141975308641,35.127766821012706,decoded-yuv420p8-pooled-plane-6-1-1-v1,a6cc2b4f3c254003fbd2c4278a59d4682682813b179d6c1fa83cfa38036a993e
basketball-540p,960,540,1,42,nvcr,basketball-drive,4ffe7801f3adfaef8ef4480a2b72d9696ca0459570b9846d3445eafda670c053,100,0.16277669753086418,0.16419768518518518,39.153365046808275,decoded-yuv420p8-pooled-plane-6-1-1-v1,a6cc2b4f3c254003fbd2c4278a59d4682682813b179d6c1fa83cfa38036a993e
basketball-540p,960,540,1,63,nvcr,basketball-drive,4ffe7801f3adfaef8ef4480a2b72d9696ca0459570b9846d3445eafda670c053,100,0.3861950617283951,0.38761604938271604,42.821235416984194,decoded-yuv420p8-pooled-plane-6-1-1-v1,a6cc2b4f3c254003fbd2c4278a59d4682682813b179d6c1fa83cfa38036a993e
basketball-540p,960,540,1,0,python,basketball-drive,4ffe7801f3adfaef8ef4480a2b72d9696ca0459570b9846d3445eafda670c053,100,0.027349845679012344,0.0274125,31.17115050922056,decoded-yuv420p8-pooled-plane-6-1-1-v1,a6cc2b4f3c254003fbd2c4278a59d4682682813b179d6c1fa83cfa38036a993e
basketball-540p,960,540,1,21,python,basketball-drive,4ffe7801f3adfaef8ef4480a2b72d9696ca0459570b9846d3445eafda670c053,100,0.06582685185185186,0.06588950617283951,35.13353928199852,decoded-yuv420p8-pooled-plane-6-1-1-v1,a6cc2b4f3c254003fbd2c4278a59d4682682813b179d6c1fa83cfa38036a993e
basketball-540p,960,540,1,42,python,basketball-drive,4ffe7801f3adfaef8ef4480a2b72d9696ca0459570b9846d3445eafda670c053,100,0.16243086419753086,0.1624935185185185,39.171718822130956,decoded-yuv420p8-pooled-plane-6-1-1-v1,a6cc2b4f3c254003fbd2c4278a59d4682682813b179d6c1fa83cfa38036a993e
basketball-540p,960,540,1,63,python,basketball-drive,4ffe7801f3adfaef8ef4480a2b72d9696ca0459570b9846d3445eafda670c053,100,0.38618317901234567,0.3862766975308642,42.868113734454475,decoded-yuv420p8-pooled-plane-6-1-1-v1,a6cc2b4f3c254003fbd2c4278a59d4682682813b179d6c1fa83cfa38036a993e
basketball-540p,960,540,30,0,nvcr,basketball-drive,4ffe7801f3adfaef8ef4480a2b72d9696ca0459570b9846d3445eafda670c053,100,0.0037987654320987656,0.005219753086419753,29.699333126597267,decoded-yuv420p8-pooled-plane-6-1-1-v1,a6cc2b4f3c254003fbd2c4278a59d4682682813b179d6c1fa83cfa38036a993e
basketball-540p,960,540,30,21,nvcr,basketball-drive,4ffe7801f3adfaef8ef4480a2b72d9696ca0459570b9846d3445eafda670c053,100,0.012686728395061728,0.014107716049382716,33.86353065707213,decoded-yuv420p8-pooled-plane-6-1-1-v1,a6cc2b4f3c254003fbd2c4278a59d4682682813b179d6c1fa83cfa38036a993e
basketball-540p,960,540,30,42,nvcr,basketball-drive,4ffe7801f3adfaef8ef4480a2b72d9696ca0459570b9846d3445eafda670c053,100,0.040575154320987655,0.04199614197530864,37.78626606447479,decoded-yuv420p8-pooled-plane-6-1-1-v1,a6cc2b4f3c254003fbd2c4278a59d4682682813b179d6c1fa83cfa38036a993e
basketball-540p,960,540,30,63,nvcr,basketball-drive,4ffe7801f3adfaef8ef4480a2b72d9696ca0459570b9846d3445eafda670c053,100,0.11865354938271605,0.12007453703703704,41.08757493084793,decoded-yuv420p8-pooled-plane-6-1-1-v1,a6cc2b4f3c254003fbd2c4278a59d4682682813b179d6c1fa83cfa38036a993e
basketball-540p,960,540,30,0,python,basketball-drive,4ffe7801f3adfaef8ef4480a2b72d9696ca0459570b9846d3445eafda670c053,100,0.0037887345679012345,0.003845679012345679,29.71590683780381,decoded-yuv420p8-pooled-plane-6-1-1-v1,a6cc2b4f3c254003fbd2c4278a59d4682682813b179d6c1fa83cfa38036a993e
basketball-540p,960,540,30,21,python,basketball-drive,4ffe7801f3adfaef8ef4480a2b72d9696ca0459570b9846d3445eafda670c053,100,0.012694135802469135,0.012757716049382715,33.869753912738645,decoded-yuv420p8-pooled-plane-6-1-1-v1,a6cc2b4f3c254003fbd2c4278a59d4682682813b179d6c1fa83cfa38036a993e
basketball-540p,960,540,30,42,python,basketball-drive,4ffe7801f3adfaef8ef4480a2b72d9696ca0459570b9846d3445eafda670c053,100,0.04054675925925926,0.04061033950617284,37.801062257013136,decoded-yuv420p8-pooled-plane-6-1-1-v1,a6cc2b4f3c254003fbd2c4278a59d4682682813b179d6c1fa83cfa38036a993e
basketball-540p,960,540,30,63,python,basketball-drive,4ffe7801f3adfaef8ef4480a2b72d9696ca0459570b9846d3445eafda670c053,100,0.11847731481481481,0.11854243827160493,41.11543608110311,decoded-yuv420p8-pooled-plane-6-1-1-v1,a6cc2b4f3c254003fbd2c4278a59d4682682813b179d6c1fa83cfa38036a993e
basketball-540p,960,540,100,0,nvcr,basketball-drive,4ffe7801f3adfaef8ef4480a2b72d9696ca0459570b9846d3445eafda670c053,100,0.0027594135802469135,0.004180401234567901,29.261199382415185,decoded-yuv420p8-pooled-plane-6-1-1-v1,a6cc2b4f3c254003fbd2c4278a59d4682682813b179d6c1fa83cfa38036a993e
basketball-540p,960,540,100,21,nvcr,basketball-drive,4ffe7801f3adfaef8ef4480a2b72d9696ca0459570b9846d3445eafda670c053,100,0.010062345679012345,0.011483333333333333,33.53105371374278,decoded-yuv420p8-pooled-plane-6-1-1-v1,a6cc2b4f3c254003fbd2c4278a59d4682682813b179d6c1fa83cfa38036a993e
basketball-540p,960,540,100,42,nvcr,basketball-drive,4ffe7801f3adfaef8ef4480a2b72d9696ca0459570b9846d3445eafda670c053,100,0.03433456790123457,0.035755555555555554,37.567280370261486,decoded-yuv420p8-pooled-plane-6-1-1-v1,a6cc2b4f3c254003fbd2c4278a59d4682682813b179d6c1fa83cfa38036a993e
basketball-540p,960,540,100,63,nvcr,basketball-drive,4ffe7801f3adfaef8ef4480a2b72d9696ca0459570b9846d3445eafda670c053,100,0.1051783950617284,0.10659938271604938,40.95977230828027,decoded-yuv420p8-pooled-plane-6-1-1-v1,a6cc2b4f3c254003fbd2c4278a59d4682682813b179d6c1fa83cfa38036a993e
basketball-540p,960,540,100,0,python,basketball-drive,4ffe7801f3adfaef8ef4480a2b72d9696ca0459570b9846d3445eafda670c053,100,0.0027617283950617283,0.002817746913580247,29.272260960673872,decoded-yuv420p8-pooled-plane-6-1-1-v1,a6cc2b4f3c254003fbd2c4278a59d4682682813b179d6c1fa83cfa38036a993e
basketball-540p,960,540,100,21,python,basketball-drive,4ffe7801f3adfaef8ef4480a2b72d9696ca0459570b9846d3445eafda670c053,100,0.010039043209876542,0.010102623456790123,33.52006665342248,decoded-yuv420p8-pooled-plane-6-1-1-v1,a6cc2b4f3c254003fbd2c4278a59d4682682813b179d6c1fa83cfa38036a993e
basketball-540p,960,540,100,42,python,basketball-drive,4ffe7801f3adfaef8ef4480a2b72d9696ca0459570b9846d3445eafda670c053,100,0.03426836419753086,0.03433194444444444,37.58008420617563,decoded-yuv420p8-pooled-plane-6-1-1-v1,a6cc2b4f3c254003fbd2c4278a59d4682682813b179d6c1fa83cfa38036a993e
basketball-540p,960,540,100,63,python,basketball-drive,4ffe7801f3adfaef8ef4480a2b72d9696ca0459570b9846d3445eafda670c053,100,0.10496188271604938,0.10502608024691358,40.98402221456296,decoded-yuv420p8-pooled-plane-6-1-1-v1,a6cc2b4f3c254003fbd2c4278a59d4682682813b179d6c1fa83cfa38036a993e
fourpeople-720p,1280,720,1,0,nvcr,fourpeople,a69f104f98db26de88efb68438d5b5f4ecfd2f47459f542f3d2ce3e9cf72b69e,100,0.026724913194444446,0.02752421875,31.8653364942532,decoded-yuv420p8-pooled-plane-6-1-1-v1,a6cc2b4f3c254003fbd2c4278a59d4682682813b179d6c1fa83cfa38036a993e
fourpeople-720p,1280,720,1,21,nvcr,fourpeople,a69f104f98db26de88efb68438d5b5f4ecfd2f47459f542f3d2ce3e9cf72b69e,100,0.06450677083333334,0.06530607638888888,36.38904627637787,decoded-yuv420p8-pooled-plane-6-1-1-v1,a6cc2b4f3c254003fbd2c4278a59d4682682813b179d6c1fa83cfa38036a993e
fourpeople-720p,1280,720,1,42,nvcr,fourpeople,a69f104f98db26de88efb68438d5b5f4ecfd2f47459f542f3d2ce3e9cf72b69e,100,0.14039435763888888,0.14119366319444446,40.487395805616,decoded-yuv420p8-pooled-plane-6-1-1-v1,a6cc2b4f3c254003fbd2c4278a59d4682682813b179d6c1fa83cfa38036a993e
fourpeople-720p,1280,720,1,63,nvcr,fourpeople,a69f104f98db26de88efb68438d5b5f4ecfd2f47459f542f3d2ce3e9cf72b69e,100,0.30105633680555555,0.3018556423611111,43.72590325449245,decoded-yuv420p8-pooled-plane-6-1-1-v1,a6cc2b4f3c254003fbd2c4278a59d4682682813b179d6c1fa83cfa38036a993e
fourpeople-720p,1280,720,1,0,python,fourpeople,a69f104f98db26de88efb68438d5b5f4ecfd2f47459f542f3d2ce3e9cf72b69e,100,0.026684809027777777,0.026720052083333334,31.89002962113189,decoded-yuv420p8-pooled-plane-6-1-1-v1,a6cc2b4f3c254003fbd2c4278a59d4682682813b179d6c1fa83cfa38036a993e
fourpeople-720p,1280,720,1,21,python,fourpeople,a69f104f98db26de88efb68438d5b5f4ecfd2f47459f542f3d2ce3e9cf72b69e,100,0.06440815972222222,0.06444340277777778,36.42536139242069,decoded-yuv420p8-pooled-plane-6-1-1-v1,a6cc2b4f3c254003fbd2c4278a59d4682682813b179d6c1fa83cfa38036a993e
fourpeople-720p,1280,720,1,42,python,fourpeople,a69f104f98db26de88efb68438d5b5f4ecfd2f47459f542f3d2ce3e9cf72b69e,100,0.140071875,0.14010729166666666,40.543420198642195,decoded-yuv420p8-pooled-plane-6-1-1-v1,a6cc2b4f3c254003fbd2c4278a59d4682682813b179d6c1fa83cfa38036a993e
fourpeople-720p,1280,720,1,63,python,fourpeople,a69f104f98db26de88efb68438d5b5f4ecfd2f47459f542f3d2ce3e9cf72b69e,100,0.30080868055555554,0.30086128472222223,43.827694778251576,decoded-yuv420p8-pooled-plane-6-1-1-v1,a6cc2b4f3c254003fbd2c4278a59d4682682813b179d6c1fa83cfa38036a993e
fourpeople-720p,1280,720,30,0,nvcr,fourpeople,a69f104f98db26de88efb68438d5b5f4ecfd2f47459f542f3d2ce3e9cf72b69e,100,0.002865798611111111,0.0036651041666666668,33.83059379652806,decoded-yuv420p8-pooled-plane-6-1-1-v1,a6cc2b4f3c254003fbd2c4278a59d4682682813b179d6c1fa83cfa38036a993e
fourpeople-720p,1280,720,30,21,nvcr,fourpeople,a69f104f98db26de88efb68438d5b5f4ecfd2f47459f542f3d2ce3e9cf72b69e,100,0.007365451388888889,0.008164756944444445,38.50098896329973,decoded-yuv420p8-pooled-plane-6-1-1-v1,a6cc2b4f3c254003fbd2c4278a59d4682682813b179d6c1fa83cfa38036a993e
fourpeople-720p,1280,720,30,42,nvcr,fourpeople,a69f104f98db26de88efb68438d5b5f4ecfd2f47459f542f3d2ce3e9cf72b69e,100,0.017410069444444443,0.018209375,41.85435632649291,decoded-yuv420p8-pooled-plane-6-1-1-v1,a6cc2b4f3c254003fbd2c4278a59d4682682813b179d6c1fa83cfa38036a993e
fourpeople-720p,1280,720,30,63,nvcr,fourpeople,a69f104f98db26de88efb68438d5b5f4ecfd2f47459f542f3d2ce3e9cf72b69e,100,0.04540998263888889,0.04620928819444445,43.91480627159898,decoded-yuv420p8-pooled-plane-6-1-1-v1,a6cc2b4f3c254003fbd2c4278a59d4682682813b179d6c1fa83cfa38036a993e
fourpeople-720p,1280,720,30,0,python,fourpeople,a69f104f98db26de88efb68438d5b5f4ecfd2f47459f542f3d2ce3e9cf72b69e,100,0.002859982638888889,0.0028895833333333334,33.86658284203698,decoded-yuv420p8-pooled-plane-6-1-1-v1,a6cc2b4f3c254003fbd2c4278a59d4682682813b179d6c1fa83cfa38036a993e
fourpeople-720p,1280,720,30,21,python,fourpeople,a69f104f98db26de88efb68438d5b5f4ecfd2f47459f542f3d2ce3e9cf72b69e,100,0.007387586805555555,0.007419878472222222,38.57115547532312,decoded-yuv420p8-pooled-plane-6-1-1-v1,a6cc2b4f3c254003fbd2c4278a59d4682682813b179d6c1fa83cfa38036a993e
fourpeople-720p,1280,720,30,42,python,fourpeople,a69f104f98db26de88efb68438d5b5f4ecfd2f47459f542f3d2ce3e9cf72b69e,100,0.01732378472222222,0.017359548611111112,41.934278010641776,decoded-yuv420p8-pooled-plane-6-1-1-v1,a6cc2b4f3c254003fbd2c4278a59d4682682813b179d6c1fa83cfa38036a993e
fourpeople-720p,1280,720,30,63,python,fourpeople,a69f104f98db26de88efb68438d5b5f4ecfd2f47459f542f3d2ce3e9cf72b69e,100,0.04527291666666667,0.045309375,44.010637250941954,decoded-yuv420p8-pooled-plane-6-1-1-v1,a6cc2b4f3c254003fbd2c4278a59d4682682813b179d6c1fa83cfa38036a993e
fourpeople-720p,1280,720,100,0,nvcr,fourpeople,a69f104f98db26de88efb68438d5b5f4ecfd2f47459f542f3d2ce3e9cf72b69e,100,0.001267361111111111,0.0020666666666666667,33.638771943898824,decoded-yuv420p8-pooled-plane-6-1-1-v1,a6cc2b4f3c254003fbd2c4278a59d4682682813b179d6c1fa83cfa38036a993e
fourpeople-720p,1280,720,100,21,nvcr,fourpeople,a69f104f98db26de88efb68438d5b5f4ecfd2f47459f542f3d2ce3e9cf72b69e,100,0.0036302083333333334,0.004429513888888889,38.383734658219,decoded-yuv420p8-pooled-plane-6-1-1-v1,a6cc2b4f3c254003fbd2c4278a59d4682682813b179d6c1fa83cfa38036a993e
fourpeople-720p,1280,720,100,42,nvcr,fourpeople,a69f104f98db26de88efb68438d5b5f4ecfd2f47459f542f3d2ce3e9cf72b69e,100,0.010030381944444444,0.0108296875,41.776112802294335,decoded-yuv420p8-pooled-plane-6-1-1-v1,a6cc2b4f3c254003fbd2c4278a59d4682682813b179d6c1fa83cfa38036a993e
fourpeople-720p,1280,720,100,63,nvcr,fourpeople,a69f104f98db26de88efb68438d5b5f4ecfd2f47459f542f3d2ce3e9cf72b69e,100,0.031175347222222222,0.03197465277777778,43.86283515616334,decoded-yuv420p8-pooled-plane-6-1-1-v1,a6cc2b4f3c254003fbd2c4278a59d4682682813b179d6c1fa83cfa38036a993e
fourpeople-720p,1280,720,100,0,python,fourpeople,a69f104f98db26de88efb68438d5b5f4ecfd2f47459f542f3d2ce3e9cf72b69e,100,0.0012768229166666668,0.0013052083333333334,33.72860062056831,decoded-yuv420p8-pooled-plane-6-1-1-v1,a6cc2b4f3c254003fbd2c4278a59d4682682813b179d6c1fa83cfa38036a993e
fourpeople-720p,1280,720,100,21,python,fourpeople,a69f104f98db26de88efb68438d5b5f4ecfd2f47459f542f3d2ce3e9cf72b69e,100,0.00362734375,0.0036588541666666666,38.5023790978055,decoded-yuv420p8-pooled-plane-6-1-1-v1,a6cc2b4f3c254003fbd2c4278a59d4682682813b179d6c1fa83cfa38036a993e
fourpeople-720p,1280,720,100,42,python,fourpeople,a69f104f98db26de88efb68438d5b5f4ecfd2f47459f542f3d2ce3e9cf72b69e,100,0.009961979166666666,0.009997743055555555,41.89203835792708,decoded-yuv420p8-pooled-plane-6-1-1-v1,a6cc2b4f3c254003fbd2c4278a59d4682682813b179d6c1fa83cfa38036a993e
fourpeople-720p,1280,720,100,63,python,fourpeople,a69f104f98db26de88efb68438d5b5f4ecfd2f47459f542f3d2ce3e9cf72b69e,100,0.031027690972222223,0.031063628472222223,43.97066261651049,decoded-yuv420p8-pooled-plane-6-1-1-v1,a6cc2b4f3c254003fbd2c4278a59d4682682813b179d6c1fa83cfa38036a993e
waterfall-cif,352,288,1,0,nvcr,waterfall,729250456374cb2cfe71b17e0c8ea7399b5c5c9e941e145f0aa30fcbba209ab5,100,0.035577651515151514,0.04284406565656566,26.736113450988896,decoded-yuv420p8-pooled-plane-6-1-1-v1,a6cc2b4f3c254003fbd2c4278a59d4682682813b179d6c1fa83cfa38036a993e
waterfall-cif,352,288,1,21,nvcr,waterfall,729250456374cb2cfe71b17e0c8ea7399b5c5c9e941e145f0aa30fcbba209ab5,100,0.13132654671717173,0.13859296085858586,29.66084773715786,decoded-yuv420p8-pooled-plane-6-1-1-v1,a6cc2b4f3c254003fbd2c4278a59d4682682813b179d6c1fa83cfa38036a993e
waterfall-cif,352,288,1,42,nvcr,waterfall,729250456374cb2cfe71b17e0c8ea7399b5c5c9e941e145f0aa30fcbba209ab5,100,0.5250528724747475,0.5323192866161616,34.420328088800375,decoded-yuv420p8-pooled-plane-6-1-1-v1,a6cc2b4f3c254003fbd2c4278a59d4682682813b179d6c1fa83cfa38036a993e
waterfall-cif,352,288,1,63,nvcr,waterfall,729250456374cb2cfe71b17e0c8ea7399b5c5c9e941e145f0aa30fcbba209ab5,100,1.333030303030303,1.3402967171717173,39.93506390497882,decoded-yuv420p8-pooled-plane-6-1-1-v1,a6cc2b4f3c254003fbd2c4278a59d4682682813b179d6c1fa83cfa38036a993e
waterfall-cif,352,288,1,0,python,waterfall,729250456374cb2cfe71b17e0c8ea7399b5c5c9e941e145f0aa30fcbba209ab5,100,0.03550583964646464,0.03582623106060606,26.739095751761127,decoded-yuv420p8-pooled-plane-6-1-1-v1,a6cc2b4f3c254003fbd2c4278a59d4682682813b179d6c1fa83cfa38036a993e
waterfall-cif,352,288,1,21,python,waterfall,729250456374cb2cfe71b17e0c8ea7399b5c5c9e941e145f0aa30fcbba209ab5,100,0.13116556186868686,0.13148595328282828,29.662662243217127,decoded-yuv420p8-pooled-plane-6-1-1-v1,a6cc2b4f3c254003fbd2c4278a59d4682682813b179d6c1fa83cfa38036a993e
waterfall-cif,352,288,1,42,python,waterfall,729250456374cb2cfe71b17e0c8ea7399b5c5c9e941e145f0aa30fcbba209ab5,100,0.5242921401515152,0.5246125315656566,34.42445580166049,decoded-yuv420p8-pooled-plane-6-1-1-v1,a6cc2b4f3c254003fbd2c4278a59d4682682813b179d6c1fa83cfa38036a993e
waterfall-cif,352,288,1,63,python,waterfall,729250456374cb2cfe71b17e0c8ea7399b5c5c9e941e145f0aa30fcbba209ab5,100,1.3326420454545456,1.333107638888889,39.954469582851914,decoded-yuv420p8-pooled-plane-6-1-1-v1,a6cc2b4f3c254003fbd2c4278a59d4682682813b179d6c1fa83cfa38036a993e
waterfall-cif,352,288,30,0,nvcr,waterfall,729250456374cb2cfe71b17e0c8ea7399b5c5c9e941e145f0aa30fcbba209ab5,100,0.004876104797979798,0.012142518939393939,28.06028249711084,decoded-yuv420p8-pooled-plane-6-1-1-v1,a6cc2b4f3c254003fbd2c4278a59d4682682813b179d6c1fa83cfa38036a993e
waterfall-cif,352,288,30,21,nvcr,waterfall,729250456374cb2cfe71b17e0c8ea7399b5c5c9e941e145f0aa30fcbba209ab5,100,0.02386758207070707,0.031133996212121214,32.280511115786574,decoded-yuv420p8-pooled-plane-6-1-1-v1,a6cc2b4f3c254003fbd2c4278a59d4682682813b179d6c1fa83cfa38036a993e
waterfall-cif,352,288,30,42,nvcr,waterfall,729250456374cb2cfe71b17e0c8ea7399b5c5c9e941e145f0aa30fcbba209ab5,100,0.06851246843434343,0.07577888257575757,36.35000574889989,decoded-yuv420p8-pooled-plane-6-1-1-v1,a6cc2b4f3c254003fbd2c4278a59d4682682813b179d6c1fa83cfa38036a993e
waterfall-cif,352,288,30,63,nvcr,waterfall,729250456374cb2cfe71b17e0c8ea7399b5c5c9e941e145f0aa30fcbba209ab5,100,0.16484611742424243,0.17211253156565656,39.58832508124514,decoded-yuv420p8-pooled-plane-6-1-1-v1,a6cc2b4f3c254003fbd2c4278a59d4682682813b179d6c1fa83cfa38036a993e
waterfall-cif,352,288,30,0,python,waterfall,729250456374cb2cfe71b17e0c8ea7399b5c5c9e941e145f0aa30fcbba209ab5,100,0.004809816919191919,0.005067866161616161,28.03980305753615,decoded-yuv420p8-pooled-plane-6-1-1-v1,a6cc2b4f3c254003fbd2c4278a59d4682682813b179d6c1fa83cfa38036a993e
waterfall-cif,352,288,30,21,python,waterfall,729250456374cb2cfe71b17e0c8ea7399b5c5c9e941e145f0aa30fcbba209ab5,100,0.023952020202020204,0.024219539141414143,32.30254724631723,decoded-yuv420p8-pooled-plane-6-1-1-v1,a6cc2b4f3c254003fbd2c4278a59d4682682813b179d6c1fa83cfa38036a993e
waterfall-cif,352,288,30,42,python,waterfall,729250456374cb2cfe71b17e0c8ea7399b5c5c9e941e145f0aa30fcbba209ab5,100,0.06845486111111111,0.06874763257575757,36.36069054851073,decoded-yuv420p8-pooled-plane-6-1-1-v1,a6cc2b4f3c254003fbd2c4278a59d4682682813b179d6c1fa83cfa38036a993e
waterfall-cif,352,288,30,63,python,waterfall,729250456374cb2cfe71b17e0c8ea7399b5c5c9e941e145f0aa30fcbba209ab5,100,0.1643315972222222,0.16466145833333334,39.60939277468076,decoded-yuv420p8-pooled-plane-6-1-1-v1,a6cc2b4f3c254003fbd2c4278a59d4682682813b179d6c1fa83cfa38036a993e
waterfall-cif,352,288,100,0,nvcr,waterfall,729250456374cb2cfe71b17e0c8ea7399b5c5c9e941e145f0aa30fcbba209ab5,100,0.0022356376262626263,0.009502051767676767,28.020824030103427,decoded-yuv420p8-pooled-plane-6-1-1-v1,a6cc2b4f3c254003fbd2c4278a59d4682682813b179d6c1fa83cfa38036a993e
waterfall-cif,352,288,100,21,nvcr,waterfall,729250456374cb2cfe71b17e0c8ea7399b5c5c9e941e145f0aa30fcbba209ab5,100,0.01157907196969697,0.01884548611111111,32.58021833247773,decoded-yuv420p8-pooled-plane-6-1-1-v1,a6cc2b4f3c254003fbd2c4278a59d4682682813b179d6c1fa83cfa38036a993e
waterfall-cif,352,288,100,42,nvcr,waterfall,729250456374cb2cfe71b17e0c8ea7399b5c5c9e941e145f0aa30fcbba209ab5,100,0.03607559974747475,0.04334201388888889,36.533806354709654,decoded-yuv420p8-pooled-plane-6-1-1-v1,a6cc2b4f3c254003fbd2c4278a59d4682682813b179d6c1fa83cfa38036a993e
waterfall-cif,352,288,100,63,nvcr,waterfall,729250456374cb2cfe71b17e0c8ea7399b5c5c9e941e145f0aa30fcbba209ab5,100,0.10577888257575757,0.11304529671717171,39.59981344747659,decoded-yuv420p8-pooled-plane-6-1-1-v1,a6cc2b4f3c254003fbd2c4278a59d4682682813b179d6c1fa83cfa38036a993e
waterfall-cif,352,288,100,0,python,waterfall,729250456374cb2cfe71b17e0c8ea7399b5c5c9e941e145f0aa30fcbba209ab5,100,0.002195391414141414,0.002444760101010101,27.975933884874735,decoded-yuv420p8-pooled-plane-6-1-1-v1,a6cc2b4f3c254003fbd2c4278a59d4682682813b179d6c1fa83cfa38036a993e
waterfall-cif,352,288,100,21,python,waterfall,729250456374cb2cfe71b17e0c8ea7399b5c5c9e941e145f0aa30fcbba209ab5,100,0.011582228535353536,0.011840277777777778,32.59455382548822,decoded-yuv420p8-pooled-plane-6-1-1-v1,a6cc2b4f3c254003fbd2c4278a59d4682682813b179d6c1fa83cfa38036a993e
waterfall-cif,352,288,100,42,python,waterfall,729250456374cb2cfe71b17e0c8ea7399b5c5c9e941e145f0aa30fcbba209ab5,100,0.03595012626262626,0.036237373737373735,36.57971563973983,decoded-yuv420p8-pooled-plane-6-1-1-v1,a6cc2b4f3c254003fbd2c4278a59d4682682813b179d6c1fa83cfa38036a993e
waterfall-cif,352,288,100,63,python,waterfall,729250456374cb2cfe71b17e0c8ea7399b5c5c9e941e145f0aa30fcbba209ab5,100,0.10542534722222222,0.10575047348484848,39.630805603749934,decoded-yuv420p8-pooled-plane-6-1-1-v1,a6cc2b4f3c254003fbd2c4278a59d4682682813b179d6c1fa83cfa38036a993e
