schema,hardware,codec,operation,resolution,width,height,sequence,source_kind,qp,gop_size,source_timestamp,source_json,mode,frame_num,i_frame_num,p_frame_num,total_bytes,bitrate_kbps,elapsed_time_s,total_encoding_time_s,encoding_fps,decoding_fps,avg_frame_encoding_time_s,p95_frame_encoding_time_s,peak_memory_mb,peak_gpu_memory_mb,reset_interval,timing_frame_count,timing_total_s,timing_avg_s,timing_p50_s,timing_p95_s,timing_min_s,timing_max_s
nvcr.python-dcvc-rt.gop.v1,jetson-orin,DCVC-RT,encode,1280x720,1280,720,FourPeople_1280x720_60.yuv,summary,32,1,1786209045,"1280x720/FourPeople_1280x720_60.yuv/FourPeople_1280x720_60.yuv,q=32,gop=1,time=1786209045_encode.json",encode_only,96,96,0,1083655,2709,101.361657,16.816006,5.708846678575162,0.0,0.195535,0.216881,1518.417969,238.165527,64,86,16.816006,0.195535,0.192022,0.216881,0.190026,0.225289
nvcr.python-dcvc-rt.gop.v1,jetson-orin,DCVC-RT,encode,1280x720,1280,720,FourPeople_1280x720_60.yuv,summary,32,1,1786209568,"1280x720/FourPeople_1280x720_60.yuv/FourPeople_1280x720_60.yuv,q=32,gop=1,time=1786209568_encode.json",encode_only,100,100,0,1129187,2710,105.325544,18.904631,5.289709172318677,0.0,0.210051,0.227415,1506.269531,238.165527,64,90,18.904631,0.210051,0.200805,0.227415,0.190565,0.232316
nvcr.python-dcvc-rt.gop.v1,jetson-orin,DCVC-RT,encode,1280x720,1280,720,FourPeople_1280x720_60.yuv,summary,32,30,1786209166,"1280x720/FourPeople_1280x720_60.yuv/FourPeople_1280x720_60.yuv,q=32,gop=30,time=1786209166_encode.json",encode_only,96,4,92,131027,327,46.888917,6.134441,15.649347674873718,0.0,0.071331,0.07634,1588.457031,282.241699,64,86,6.134441,0.071331,0.065123,0.07634,0.063607,0.197243
nvcr.python-dcvc-rt.gop.v1,jetson-orin,DCVC-RT,encode,1280x720,1280,720,FourPeople_1280x720_60.yuv,summary,32,30,1786209693,"1280x720/FourPeople_1280x720_60.yuv/FourPeople_1280x720_60.yuv,q=32,gop=30,time=1786209693_encode.json",encode_only,100,4,96,132837,318,49.225665,6.492394,15.402638841696914,0.0,0.072138,0.074872,1587.351562,282.241699,64,90,6.492394,0.072138,0.066204,0.074872,0.064115,0.200189
nvcr.python-dcvc-rt.gop.v1,jetson-orin,DCVC-RT,encode,1280x720,1280,720,FourPeople_1280x720_60.yuv,summary,32,96,1786209232,"1280x720/FourPeople_1280x720_60.yuv/FourPeople_1280x720_60.yuv,q=32,gop=96,time=1786209232_encode.json",encode_only,96,1,95,68323,170,44.964633,5.635936,17.03355041647031,0.0,0.065534,0.069953,1582.074219,282.241699,64,86,5.635936,0.065534,0.063701,0.069953,0.063004,0.115753
nvcr.python-dcvc-rt.gop.v1,jetson-orin,DCVC-RT,encode,1280x720,1280,720,FourPeople_1280x720_60.yuv,summary,32,100,1786209761,"1280x720/FourPeople_1280x720_60.yuv/FourPeople_1280x720_60.yuv,q=32,gop=100,time=1786209761_encode.json",encode_only,100,1,99,70465,169,45.510772,5.862478,17.057633307962945,0.0,0.065139,0.069518,1582.253906,282.241699,64,90,5.862478,0.065139,0.064162,0.069518,0.063107,0.114324
nvcr.python-dcvc-rt.gop.v1,jetson-orin,DCVC-RT,encode,176x144,176,144,akiyo_qcif.yuv,summary,32,1,1786208515,"176x144/akiyo_qcif.yuv/akiyo_qcif.yuv,q=32,gop=1,time=1786208515_encode.json",encode_only,96,96,0,57479,143,13.688179,2.28536,42.00651100920643,0.0,0.026574,0.028922,1505.925781,138.309082,64,86,2.28536,0.026574,0.026071,0.028922,0.025566,0.032006
nvcr.python-dcvc-rt.gop.v1,jetson-orin,DCVC-RT,encode,176x144,176,144,akiyo_qcif.yuv,summary,32,1,1786208969,"176x144/akiyo_qcif.yuv/akiyo_qcif.yuv,q=32,gop=1,time=1786208969_encode.json",encode_only,96,96,0,57479,143,13.311178,2.376163,40.40126876817794,0.0,0.02763,0.028378,1498.339844,138.309082,64,86,2.376163,0.02763,0.027242,0.028378,0.026446,0.043079
nvcr.python-dcvc-rt.gop.v1,jetson-orin,DCVC-RT,encode,176x144,176,144,akiyo_qcif.yuv,summary,32,30,1786208548,"176x144/akiyo_qcif.yuv/akiyo_qcif.yuv,q=32,gop=30,time=1786208548_encode.json",encode_only,96,4,92,7671,19,9.762354,1.48099,64.82150453412919,0.0,0.017221,0.018869,1571.425781,175.342285,64,86,1.48099,0.017221,0.016126,0.018869,0.015275,0.049172
nvcr.python-dcvc-rt.gop.v1,jetson-orin,DCVC-RT,encode,176x144,176,144,akiyo_qcif.yuv,summary,32,30,1786209002,"176x144/akiyo_qcif.yuv/akiyo_qcif.yuv,q=32,gop=30,time=1786209002_encode.json",encode_only,96,4,92,7671,19,9.408059,1.427324,67.25873032331832,0.0,0.016597,0.016436,1579.539062,175.342285,64,86,1.427324,0.016597,0.015521,0.016436,0.015123,0.048609
nvcr.python-dcvc-rt.gop.v1,jetson-orin,DCVC-RT,encode,176x144,176,144,akiyo_qcif.yuv,summary,32,96,1786208577,"176x144/akiyo_qcif.yuv/akiyo_qcif.yuv,q=32,gop=96,time=1786208577_encode.json",encode_only,96,1,95,4462,11,9.36802,1.427967,67.22844435480651,0.0,0.016604,0.017212,1577.613281,175.342285,64,86,1.427967,0.016604,0.016276,0.017212,0.015507,0.048814
nvcr.python-dcvc-rt.gop.v1,jetson-orin,DCVC-RT,encode,176x144,176,144,akiyo_qcif.yuv,summary,32,96,1786209030,"176x144/akiyo_qcif.yuv/akiyo_qcif.yuv,q=32,gop=96,time=1786209030_encode.json",encode_only,96,1,95,4462,11,9.294153,1.408952,68.13574912417172,0.0,0.016383,0.016778,1581.453125,175.342285,64,86,1.408952,0.016383,0.015925,0.016778,0.015427,0.048386
nvcr.python-dcvc-rt.gop.v1,jetson-orin,DCVC-RT,encode,1920x1080,1920,1080,BasketballDrive_1920x1080_50.yuv,summary,32,1,1786209315,"1920x1080/BasketballDrive_1920x1080_50.yuv/BasketballDrive_1920x1080_50.yuv,q=32,gop=1,time=1786209315_encode.json",encode_only,96,96,0,1623243,4058,252.943676,47.388978,2.025787515400733,0.0,0.551035,0.805662,1739.847656,381.294922,64,86,47.388978,0.551035,0.482265,0.805662,0.412458,0.813024
nvcr.python-dcvc-rt.gop.v1,jetson-orin,DCVC-RT,encode,1920x1080,1920,1080,BasketballDrive_1920x1080_50.yuv,summary,32,1,1786209840,"1920x1080/BasketballDrive_1920x1080_50.yuv/BasketballDrive_1920x1080_50.yuv,q=32,gop=1,time=1786209840_encode.json",encode_only,100,100,0,1692162,4061,208.732317,37.301587,2.6808510855047536,0.0,0.414462,0.416187,1717.1875,381.294922,64,90,37.301587,0.414462,0.414581,0.416187,0.411959,0.416505
nvcr.python-dcvc-rt.gop.v1,jetson-orin,DCVC-RT,encode,1920x1080,1920,1080,BasketballDrive_1920x1080_50.yuv,summary,32,30,1786209587,"1920x1080/BasketballDrive_1920x1080_50.yuv/BasketballDrive_1920x1080_50.yuv,q=32,gop=30,time=1786209587_encode.json",encode_only,96,4,92,387040,967,95.264307,12.882287,7.452092939708609,0.0,0.149794,0.145777,1914.257812,433.519531,64,86,12.882287,0.149794,0.139116,0.145777,0.136668,0.442246
nvcr.python-dcvc-rt.gop.v1,jetson-orin,DCVC-RT,encode,1920x1080,1920,1080,BasketballDrive_1920x1080_50.yuv,summary,32,30,1786210068,"1920x1080/BasketballDrive_1920x1080_50.yuv/BasketballDrive_1920x1080_50.yuv,q=32,gop=30,time=1786210068_encode.json",encode_only,100,4,96,399957,959,101.625255,13.270722,7.535385037829894,0.0,0.147452,0.144344,1925.359375,433.519531,64,90,13.270722,0.147452,0.137401,0.144344,0.135551,0.413106
nvcr.python-dcvc-rt.gop.v1,jetson-orin,DCVC-RT,encode,1920x1080,1920,1080,BasketballDrive_1920x1080_50.yuv,summary,32,96,1786209711,"1920x1080/BasketballDrive_1920x1080_50.yuv/BasketballDrive_1920x1080_50.yuv,q=32,gop=96,time=1786209711_encode.json",encode_only,96,1,95,322138,805,94.989278,12.026726,7.982222260655144,0.0,0.139846,0.140462,1916.933594,433.332031,64,86,12.026726,0.139846,0.138858,0.140462,0.137216,0.215394
nvcr.python-dcvc-rt.gop.v1,jetson-orin,DCVC-RT,encode,1920x1080,1920,1080,BasketballDrive_1920x1080_50.yuv,summary,32,100,1786210189,"1920x1080/BasketballDrive_1920x1080_50.yuv/BasketballDrive_1920x1080_50.yuv,q=32,gop=100,time=1786210189_encode.json",encode_only,100,1,99,335277,804,97.531601,12.474636,8.01626596559611,0.0,0.138607,0.139234,1923.890625,433.332031,64,90,12.474636,0.138607,0.137739,0.139234,0.135394,0.220387
nvcr.python-dcvc-rt.gop.v1,jetson-orin,DCVC-RT,encode,352x288,352,288,waterfall_cif.yuv,summary,32,1,1786208620,"352x288/waterfall_cif.yuv/waterfall_cif.yuv,q=32,gop=1,time=1786208620_encode.json",encode_only,96,96,0,347694,869,14.262166,2.326831,41.25783092970654,0.0,0.027056,0.032843,1437.257812,155.305176,64,86,2.326831,0.027056,0.025862,0.032843,0.025371,0.041794
nvcr.python-dcvc-rt.gop.v1,jetson-orin,DCVC-RT,encode,352x288,352,288,waterfall_cif.yuv,summary,32,1,1786209074,"352x288/waterfall_cif.yuv/waterfall_cif.yuv,q=32,gop=1,time=1786209074_encode.json",encode_only,100,100,0,362444,869,14.674271,2.424213,41.250500677951976,0.0,0.026936,0.032721,1439.539062,155.305176,64,90,2.424213,0.026936,0.026016,0.032721,0.025409,0.038889
nvcr.python-dcvc-rt.gop.v1,jetson-orin,DCVC-RT,encode,352x288,352,288,waterfall_cif.yuv,summary,32,30,1786208653,"352x288/waterfall_cif.yuv/waterfall_cif.yuv,q=32,gop=30,time=1786208653_encode.json",encode_only,96,4,92,53446,133,11.655338,1.665942,57.625055374076645,0.0,0.019371,0.022927,1513.210938,189.870117,64,86,1.665942,0.019371,0.016882,0.022927,0.015778,0.048874
nvcr.python-dcvc-rt.gop.v1,jetson-orin,DCVC-RT,encode,352x288,352,288,waterfall_cif.yuv,summary,32,30,1786209109,"352x288/waterfall_cif.yuv/waterfall_cif.yuv,q=32,gop=30,time=1786209109_encode.json",encode_only,100,4,96,54438,130,11.807964,1.742824,57.37814030561893,0.0,0.019365,0.031063,1507.800781,189.870117,64,90,1.742824,0.019365,0.017025,0.031063,0.015385,0.048317
nvcr.python-dcvc-rt.gop.v1,jetson-orin,DCVC-RT,encode,352x288,352,288,waterfall_cif.yuv,summary,32,96,1786208684,"352x288/waterfall_cif.yuv/waterfall_cif.yuv,q=32,gop=96,time=1786208684_encode.json",encode_only,96,1,95,26798,66,11.255605,1.577793,60.84448340181507,0.0,0.018346,0.022857,1515.609375,180.21582,64,86,1.577793,0.018346,0.016402,0.022857,0.015238,0.048499
nvcr.python-dcvc-rt.gop.v1,jetson-orin,DCVC-RT,encode,352x288,352,288,waterfall_cif.yuv,summary,32,100,1786209140,"352x288/waterfall_cif.yuv/waterfall_cif.yuv,q=32,gop=100,time=1786209140_encode.json",encode_only,100,1,99,27491,65,11.408136,1.634761,61.17102132972343,0.0,0.018164,0.022875,1515.871094,180.21582,64,90,1.634761,0.018164,0.016375,0.022875,0.015145,0.048597
nvcr.python-dcvc-rt.gop.v1,jetson-orin,DCVC-RT,encode,640x360,640,360,BasketballDrive_640x360_50.yuv,summary,32,1,1786208729,"640x360/BasketballDrive_640x360_50.yuv/BasketballDrive_640x360_50.yuv,q=32,gop=1,time=1786208729_encode.json",encode_only,96,96,0,386990,967,25.270411,4.15948,23.079808052929693,0.0,0.048366,0.049721,1501.816406,162.126465,64,86,4.15948,0.048366,0.0484,0.049721,0.046975,0.051116
nvcr.python-dcvc-rt.gop.v1,jetson-orin,DCVC-RT,encode,640x360,640,360,BasketballDrive_640x360_50.yuv,summary,32,1,1786209185,"640x360/BasketballDrive_640x360_50.yuv/BasketballDrive_640x360_50.yuv,q=32,gop=1,time=1786209185_encode.json",encode_only,100,100,0,403752,969,26.055535,4.379656,22.832843492730937,0.0,0.048663,0.05015,1501.605469,162.126465,64,90,4.379656,0.048663,0.048459,0.05015,0.047413,0.054534
nvcr.python-dcvc-rt.gop.v1,jetson-orin,DCVC-RT,encode,640x360,640,360,BasketballDrive_640x360_50.yuv,summary,32,30,1786208773,"640x360/BasketballDrive_640x360_50.yuv/BasketballDrive_640x360_50.yuv,q=32,gop=30,time=1786208773_encode.json",encode_only,96,4,92,85600,214,16.086758,2.149312,44.66545573653336,0.0,0.024992,0.040684,1574.570312,199.709473,64,86,2.149312,0.024992,0.021871,0.040684,0.020107,0.06324
nvcr.python-dcvc-rt.gop.v1,jetson-orin,DCVC-RT,encode,640x360,640,360,BasketballDrive_640x360_50.yuv,summary,32,30,1786209230,"640x360/BasketballDrive_640x360_50.yuv/BasketballDrive_640x360_50.yuv,q=32,gop=30,time=1786209230_encode.json",encode_only,100,4,96,88609,212,17.474651,2.550372,39.209966232377084,0.0,0.028337,0.048961,1575.101562,199.884277,64,90,2.550372,0.028337,0.024645,0.048961,0.021671,0.11187
nvcr.python-dcvc-rt.gop.v1,jetson-orin,DCVC-RT,encode,640x360,640,360,BasketballDrive_640x360_50.yuv,summary,32,96,1786208808,"640x360/BasketballDrive_640x360_50.yuv/BasketballDrive_640x360_50.yuv,q=32,gop=96,time=1786208808_encode.json",encode_only,96,1,95,69631,174,15.805885,2.13653,44.932671200498,0.0,0.024843,0.036057,1574.417969,200.026855,64,86,2.13653,0.024843,0.02408,0.036057,0.020165,0.053448
nvcr.python-dcvc-rt.gop.v1,jetson-orin,DCVC-RT,encode,640x360,640,360,BasketballDrive_640x360_50.yuv,summary,32,100,1786209269,"640x360/BasketballDrive_640x360_50.yuv/BasketballDrive_640x360_50.yuv,q=32,gop=100,time=1786209269_encode.json",encode_only,100,1,99,72674,174,16.898795,2.300625,43.46644933441999,0.0,0.025563,0.034234,1570.441406,200.026855,64,90,2.300625,0.025563,0.024183,0.034234,0.020766,0.053589
nvcr.python-dcvc-rt.gop.v1,jetson-orin,DCVC-RT,encode,960x540,960,540,BasketballDrive_960x540_50.yuv,summary,32,1,1786208858,"960x540/BasketballDrive_960x540_50.yuv/BasketballDrive_960x540_50.yuv,q=32,gop=1,time=1786208858_encode.json",encode_only,96,96,0,664360,1660,57.685897,9.242808,10.386453986710531,0.0,0.107475,0.112027,1484.371094,196.640625,64,86,9.242808,0.107475,0.106923,0.112027,0.105209,0.113759
nvcr.python-dcvc-rt.gop.v1,jetson-orin,DCVC-RT,encode,960x540,960,540,BasketballDrive_960x540_50.yuv,summary,32,1,1786209320,"960x540/BasketballDrive_960x540_50.yuv/BasketballDrive_960x540_50.yuv,q=32,gop=1,time=1786209320_encode.json",encode_only,100,100,0,692863,1662,102.444742,19.039093,5.252351044243547,0.0,0.211545,0.243324,1483.613281,196.640625,64,90,19.039093,0.211545,0.238172,0.243324,0.111798,0.247399
nvcr.python-dcvc-rt.gop.v1,jetson-orin,DCVC-RT,encode,960x540,960,540,BasketballDrive_960x540_50.yuv,summary,32,30,1786208935,"960x540/BasketballDrive_960x540_50.yuv/BasketballDrive_960x540_50.yuv,q=32,gop=30,time=1786208935_encode.json",encode_only,96,4,92,148497,371,28.47361,3.699029,25.952756791038947,0.0,0.043012,0.058074,1559.816406,238.238281,64,86,3.699029,0.043012,0.038523,0.058074,0.037396,0.106325
nvcr.python-dcvc-rt.gop.v1,jetson-orin,DCVC-RT,encode,960x540,960,540,BasketballDrive_960x540_50.yuv,summary,32,30,1786209456,"960x540/BasketballDrive_960x540_50.yuv/BasketballDrive_960x540_50.yuv,q=32,gop=30,time=1786209456_encode.json",encode_only,100,4,96,153582,368,31.774509,3.996186,25.02386025074909,0.0,0.044402,0.057278,1570.480469,238.238281,64,90,3.996186,0.044402,0.039458,0.057278,0.038008,0.113304
nvcr.python-dcvc-rt.gop.v1,jetson-orin,DCVC-RT,encode,960x540,960,540,BasketballDrive_960x540_50.yuv,summary,32,96,1786208983,"960x540/BasketballDrive_960x540_50.yuv/BasketballDrive_960x540_50.yuv,q=32,gop=96,time=1786208983_encode.json",encode_only,96,1,95,121294,303,28.216504,3.509077,27.357621391608106,0.0,0.040803,0.043881,1557.523438,237.035156,64,86,3.509077,0.040803,0.039379,0.043881,0.037215,0.085974
nvcr.python-dcvc-rt.gop.v1,jetson-orin,DCVC-RT,encode,960x540,960,540,BasketballDrive_960x540_50.yuv,summary,32,100,1786209507,"960x540/BasketballDrive_960x540_50.yuv/BasketballDrive_960x540_50.yuv,q=32,gop=100,time=1786209507_encode.json",encode_only,100,1,99,126463,303,27.307504,3.590692,27.84978494396066,0.0,0.039897,0.043763,1557.875,237.035156,64,90,3.590692,0.039897,0.038848,0.043763,0.037601,0.081485
