"resolution-matrix.v1","rtx5060-docker","docker","omarelghati/nvcr:0.19.1-amd64-cuda12.8-trt10.9","omarelghati/nvcr@sha256:9f602e6d2543df122b7e37f4e28400f8639f50884562628832b9a586c67acdbf","encode","360p","/input/360p/BasketballDrive_640x360_50.yuv","640x360","50","100","10","2","2","32","1","360p","409795","0.142289931","1.015","98.499","3.263302","30.643808","null","null","null","null","null","none","0"
"resolution-matrix.v1","rtx5060-docker","docker","omarelghati/nvcr:0.19.1-amd64-cuda12.8-trt10.9","omarelghati/nvcr@sha256:9f602e6d2543df122b7e37f4e28400f8639f50884562628832b9a586c67acdbf","decode","360p","/input/360p/BasketballDrive_640x360_50.yuv","640x360","50","100","10","2","2","32","1","360p","409795","0.142289931","0.888","112.618","4.140353","24.152530","36.195557","null","null","null","null","none","0"
"resolution-matrix.v1","rtx5060-docker","docker","omarelghati/nvcr:0.19.1-amd64-cuda12.8-trt10.9","omarelghati/nvcr@sha256:9f602e6d2543df122b7e37f4e28400f8639f50884562628832b9a586c67acdbf","encode","360p","/input/360p/BasketballDrive_640x360_50.yuv","640x360","50","100","10","average","2","32","1","360p","409795","0.142289931","0.999500","100.072500","3.180166","31.444899","null","null","null","null","null","none","0"
"resolution-matrix.v1","rtx5060-docker","docker","omarelghati/nvcr:0.19.1-amd64-cuda12.8-trt10.9","omarelghati/nvcr@sha256:9f602e6d2543df122b7e37f4e28400f8639f50884562628832b9a586c67acdbf","decode","360p","/input/360p/BasketballDrive_640x360_50.yuv","640x360","50","100","10","average","2","32","1","360p","409795","0.142289931","0.896000","111.606000","3.564027","28.058149","36.195557","null","null","null","null","none","0"
"resolution-matrix.v1","rtx5060-docker","docker","omarelghati/nvcr:0.19.1-amd64-cuda12.8-trt10.9","omarelghati/nvcr@sha256:9f602e6d2543df122b7e37f4e28400f8639f50884562628832b9a586c67acdbf","encode","540p","/input/540p/BasketballDrive_960x540_50.yuv","960x540","50","100","10","1","2","32","1","540p","699731","0.107983179","1.941","51.520","4.182671","23.908168","null","null","null","null","null","none","0"
"resolution-matrix.v1","rtx5060-docker","docker","omarelghati/nvcr:0.19.1-amd64-cuda12.8-trt10.9","omarelghati/nvcr@sha256:9f602e6d2543df122b7e37f4e28400f8639f50884562628832b9a586c67acdbf","decode","540p","/input/540p/BasketballDrive_960x540_50.yuv","960x540","50","100","10","1","2","32","1","540p","699731","0.107983179","1.739","57.496","4.086056","24.473478","37.305031","null","null","null","null","none","0"
"resolution-matrix.v1","rtx5060-docker","docker","omarelghati/nvcr:0.19.1-amd64-cuda12.8-trt10.9","omarelghati/nvcr@sha256:9f602e6d2543df122b7e37f4e28400f8639f50884562628832b9a586c67acdbf","encode","540p","/input/540p/BasketballDrive_960x540_50.yuv","960x540","50","100","10","2","2","32","1","540p","699731","0.107983179","1.930","51.805","4.142571","24.139598","null","null","null","null","null","none","0"
"resolution-matrix.v1","rtx5060-docker","docker","omarelghati/nvcr:0.19.1-amd64-cuda12.8-trt10.9","omarelghati/nvcr@sha256:9f602e6d2543df122b7e37f4e28400f8639f50884562628832b9a586c67acdbf","decode","540p","/input/540p/BasketballDrive_960x540_50.yuv","960x540","50","100","10","2","2","32","1","540p","699731","0.107983179","1.731","57.765","4.263761","23.453472","37.305031","null","null","null","null","none","0"
"resolution-matrix.v1","rtx5060-docker","docker","omarelghati/nvcr:0.19.1-amd64-cuda12.8-trt10.9","omarelghati/nvcr@sha256:9f602e6d2543df122b7e37f4e28400f8639f50884562628832b9a586c67acdbf","encode","540p","/input/540p/BasketballDrive_960x540_50.yuv","960x540","50","100","10","average","2","32","1","540p","699731","0.107983179","1.935500","51.662500","4.162621","24.023326","null","null","null","null","null","none","0"
"resolution-matrix.v1","rtx5060-docker","docker","omarelghati/nvcr:0.19.1-amd64-cuda12.8-trt10.9","omarelghati/nvcr@sha256:9f602e6d2543df122b7e37f4e28400f8639f50884562628832b9a586c67acdbf","decode","540p","/input/540p/BasketballDrive_960x540_50.yuv","960x540","50","100","10","average","2","32","1","540p","699731","0.107983179","1.735000","57.630500","4.174908","23.952624","37.305031","null","null","null","null","none","0"
"resolution-matrix.v1","rtx5060-docker","docker","omarelghati/nvcr:0.19.1-amd64-cuda12.8-trt10.9","omarelghati/nvcr@sha256:9f602e6d2543df122b7e37f4e28400f8639f50884562628832b9a586c67acdbf","encode","720p","/input/720p/FourPeople_1280x720_60.yuv","1280x720","30","100","10","1","2","32","1","720p","1137623","0.098751997","3.567","28.034","6.827553","14.646536","null","null","null","null","null","none","0"
"resolution-matrix.v1","rtx5060-docker","docker","omarelghati/nvcr:0.19.1-amd64-cuda12.8-trt10.9","omarelghati/nvcr@sha256:9f602e6d2543df122b7e37f4e28400f8639f50884562628832b9a586c67acdbf","decode","720p","/input/720p/FourPeople_1280x720_60.yuv","1280x720","30","100","10","1","2","32","1","720p","1137623","0.098751997","3.055","32.733","5.990949","16.691846","38.654498","null","null","null","null","none","0"
"resolution-matrix.v1","rtx5060-docker","docker","omarelghati/nvcr:0.19.1-amd64-cuda12.8-trt10.9","omarelghati/nvcr@sha256:9f602e6d2543df122b7e37f4e28400f8639f50884562628832b9a586c67acdbf","encode","720p","/input/720p/FourPeople_1280x720_60.yuv","1280x720","30","100","10","2","2","32","1","720p","1137623","0.098751997","3.568","28.026","5.983582","16.712397","null","null","null","null","null","none","0"
"resolution-matrix.v1","rtx5060-docker","docker","omarelghati/nvcr:0.19.1-amd64-cuda12.8-trt10.9","omarelghati/nvcr@sha256:9f602e6d2543df122b7e37f4e28400f8639f50884562628832b9a586c67acdbf","decode","720p","/input/720p/FourPeople_1280x720_60.yuv","1280x720","30","100","10","2","2","32","1","720p","1137623","0.098751997","3.048","32.811","6.173954","16.197076","38.654498","null","null","null","null","none","0"
"resolution-matrix.v1","rtx5060-docker","docker","omarelghati/nvcr:0.19.1-amd64-cuda12.8-trt10.9","omarelghati/nvcr@sha256:9f602e6d2543df122b7e37f4e28400f8639f50884562628832b9a586c67acdbf","encode","720p","/input/720p/FourPeople_1280x720_60.yuv","1280x720","30","100","10","average","2","32","1","720p","1137623","0.098751997","3.567500","28.030000","6.405568","15.611418","null","null","null","null","null","none","0"
"resolution-matrix.v1","rtx5060-docker","docker","omarelghati/nvcr:0.19.1-amd64-cuda12.8-trt10.9","omarelghati/nvcr@sha256:9f602e6d2543df122b7e37f4e28400f8639f50884562628832b9a586c67acdbf","decode","720p","/input/720p/FourPeople_1280x720_60.yuv","1280x720","30","100","10","average","2","32","1","720p","1137623","0.098751997","3.051500","32.772000","6.082452","16.440738","38.654498","null","null","null","null","none","0"
"resolution-matrix.v1","rtx5060-docker","docker","omarelghati/nvcr:0.19.1-amd64-cuda12.8-trt10.9","omarelghati/nvcr@sha256:9f602e6d2543df122b7e37f4e28400f8639f50884562628832b9a586c67acdbf","encode","1080p","/input/hd/BasketballDrive_1920x1080_50.yuv","1920x1080","60","100","10","1","2","32","1","1080p","1702484","0.065682253","8.067","12.397","12.565327","7.958408","null","null","null","null","null","none","0"
"resolution-matrix.v1","rtx5060-docker","docker","omarelghati/nvcr:0.19.1-amd64-cuda12.8-trt10.9","omarelghati/nvcr@sha256:9f602e6d2543df122b7e37f4e28400f8639f50884562628832b9a586c67acdbf","decode","1080p","/input/hd/BasketballDrive_1920x1080_50.yuv","1920x1080","60","100","10","1","2","32","1","1080p","1702484","0.065682253","6.830","14.640","10.821834","9.240578","37.712054","null","null","null","null","none","0"
"resolution-matrix.v1","rtx5060-docker","docker","omarelghati/nvcr:0.19.1-amd64-cuda12.8-trt10.9","omarelghati/nvcr@sha256:9f602e6d2543df122b7e37f4e28400f8639f50884562628832b9a586c67acdbf","encode","1080p","/input/hd/BasketballDrive_1920x1080_50.yuv","1920x1080","60","100","10","2","2","32","1","1080p","1702484","0.065682253","8.180","12.225","12.212078","8.188615","null","null","null","null","null","none","0"
"resolution-matrix.v1","rtx5060-docker","docker","omarelghati/nvcr:0.19.1-amd64-cuda12.8-trt10.9","omarelghati/nvcr@sha256:9f602e6d2543df122b7e37f4e28400f8639f50884562628832b9a586c67acdbf","decode","1080p","/input/hd/BasketballDrive_1920x1080_50.yuv","1920x1080","60","100","10","2","2","32","1","1080p","1702484","0.065682253","6.834","14.633","10.986106","9.102406","37.712054","null","null","null","null","none","0"
"resolution-matrix.v1","rtx5060-docker","docker","omarelghati/nvcr:0.19.1-amd64-cuda12.8-trt10.9","omarelghati/nvcr@sha256:9f602e6d2543df122b7e37f4e28400f8639f50884562628832b9a586c67acdbf","encode","1080p","/input/hd/BasketballDrive_1920x1080_50.yuv","1920x1080","60","100","10","average","2","32","1","1080p","1702484","0.065682253","8.123500","12.311000","12.388703","8.071870","null","null","null","null","null","none","0"
"resolution-matrix.v1","rtx5060-docker","docker","omarelghati/nvcr:0.19.1-amd64-cuda12.8-trt10.9","omarelghati/nvcr@sha256:9f602e6d2543df122b7e37f4e28400f8639f50884562628832b9a586c67acdbf","decode","1080p","/input/hd/BasketballDrive_1920x1080_50.yuv","1920x1080","60","100","10","average","2","32","1","1080p","1702484","0.065682253","6.832000","14.636500","10.903970","9.170972","37.712054","null","null","null","null","none","0"
"resolution-matrix.v1","rtx5060-docker","docker","omarelghati/nvcr:0.19.1-amd64-cuda12.8-trt10.9","omarelghati/nvcr@sha256:9f602e6d2543df122b7e37f4e28400f8639f50884562628832b9a586c67acdbf","encode","qcif","/input/qcif/akiyo_qcif.yuv","176x144","30","100","10","1","2","32","30","qcif","13243","0.041802399","0.221","451.672","2.079262","48.093987","null","null","null","null","null","none","0"
"resolution-matrix.v1","rtx5060-docker","docker","omarelghati/nvcr:0.19.1-amd64-cuda12.8-trt10.9","omarelghati/nvcr@sha256:9f602e6d2543df122b7e37f4e28400f8639f50884562628832b9a586c67acdbf","decode","qcif","/input/qcif/akiyo_qcif.yuv","176x144","30","100","10","1","2","32","30","qcif","13243","0.041802399","0.222","449.554","2.139591","46.737905","38.041375","null","null","null","null","none","0"
"resolution-matrix.v1","rtx5060-docker","docker","omarelghati/nvcr:0.19.1-amd64-cuda12.8-trt10.9","omarelghati/nvcr@sha256:9f602e6d2543df122b7e37f4e28400f8639f50884562628832b9a586c67acdbf","encode","qcif","/input/qcif/akiyo_qcif.yuv","176x144","30","100","10","2","2","32","30","qcif","13243","0.041802399","0.258","388.017","2.241244","44.618078","null","null","null","null","null","none","0"
"resolution-matrix.v1","rtx5060-docker","docker","omarelghati/nvcr:0.19.1-amd64-cuda12.8-trt10.9","omarelghati/nvcr@sha256:9f602e6d2543df122b7e37f4e28400f8639f50884562628832b9a586c67acdbf","decode","qcif","/input/qcif/akiyo_qcif.yuv","176x144","30","100","10","2","2","32","30","qcif","13243","0.041802399","0.221","452.223","2.047413","48.842124","38.041375","null","null","null","null","none","0"
"resolution-matrix.v1","rtx5060-docker","docker","omarelghati/nvcr:0.19.1-amd64-cuda12.8-trt10.9","omarelghati/nvcr@sha256:9f602e6d2543df122b7e37f4e28400f8639f50884562628832b9a586c67acdbf","encode","qcif","/input/qcif/akiyo_qcif.yuv","176x144","30","100","10","average","2","32","30","qcif","13243","0.041802399","0.239500","419.844500","2.160253","46.290874","null","null","null","null","null","none","0"
"resolution-matrix.v1","rtx5060-docker","docker","omarelghati/nvcr:0.19.1-amd64-cuda12.8-trt10.9","omarelghati/nvcr@sha256:9f602e6d2543df122b7e37f4e28400f8639f50884562628832b9a586c67acdbf","decode","qcif","/input/qcif/akiyo_qcif.yuv","176x144","30","100","10","average","2","32","30","qcif","13243","0.041802399","0.221500","450.888500","2.093502","47.766852","38.041375","null","null","null","null","none","0"
"resolution-matrix.v1","rtx5060-docker","docker","omarelghati/nvcr:0.19.1-amd64-cuda12.8-trt10.9","omarelghati/nvcr@sha256:9f602e6d2543df122b7e37f4e28400f8639f50884562628832b9a586c67acdbf","encode","cif","/input/cif/waterfall_cif.yuv","352x288","30","100","10","1","2","32","30","cif","60129","0.047450284","0.289","346.274","2.256204","44.322233","null","null","null","null","null","none","0"
"resolution-matrix.v1","rtx5060-docker","docker","omarelghati/nvcr:0.19.1-amd64-cuda12.8-trt10.9","omarelghati/nvcr@sha256:9f602e6d2543df122b7e37f4e28400f8639f50884562628832b9a586c67acdbf","decode","cif","/input/cif/waterfall_cif.yuv","352x288","30","100","10","1","2","32","30","cif","60129","0.047450284","0.306","326.434","2.407953","41.529050","34.456341","null","null","null","null","none","0"
"resolution-matrix.v1","rtx5060-docker","docker","omarelghati/nvcr:0.19.1-amd64-cuda12.8-trt10.9","omarelghati/nvcr@sha256:9f602e6d2543df122b7e37f4e28400f8639f50884562628832b9a586c67acdbf","encode","cif","/input/cif/waterfall_cif.yuv","352x288","30","100","10","2","2","32","30","cif","60129","0.047450284","0.277","360.810","2.233116","44.780477","null","null","null","null","null","none","0"
"resolution-matrix.v1","rtx5060-docker","docker","omarelghati/nvcr:0.19.1-amd64-cuda12.8-trt10.9","omarelghati/nvcr@sha256:9f602e6d2543df122b7e37f4e28400f8639f50884562628832b9a586c67acdbf","decode","cif","/input/cif/waterfall_cif.yuv","352x288","30","100","10","2","2","32","30","cif","60129","0.047450284","0.292","342.649","2.396173","41.733214","34.456341","null","null","null","null","none","0"
"resolution-matrix.v1","rtx5060-docker","docker","omarelghati/nvcr:0.19.1-amd64-cuda12.8-trt10.9","omarelghati/nvcr@sha256:9f602e6d2543df122b7e37f4e28400f8639f50884562628832b9a586c67acdbf","encode","cif","/input/cif/waterfall_cif.yuv","352x288","30","100","10","average","2","32","30","cif","60129","0.047450284","0.283000","353.542000","2.244660","44.550177","null","null","null","null","null","none","0"
"resolution-matrix.v1","rtx5060-docker","docker","omarelghati/nvcr:0.19.1-amd64-cuda12.8-trt10.9","omarelghati/nvcr@sha256:9f602e6d2543df122b7e37f4e28400f8639f50884562628832b9a586c67acdbf","decode","cif","/input/cif/waterfall_cif.yuv","352x288","30","100","10","average","2","32","30","cif","60129","0.047450284","0.299000","334.541500","2.402063","41.630881","34.456341","null","null","null","null","none","0"
"resolution-matrix.v1","rtx5060-docker","docker","omarelghati/nvcr:0.19.1-amd64-cuda12.8-trt10.9","omarelghati/nvcr@sha256:9f602e6d2543df122b7e37f4e28400f8639f50884562628832b9a586c67acdbf","encode","360p","/input/360p/BasketballDrive_640x360_50.yuv","640x360","50","100","10","1","2","32","30","360p","94312","0.032747222","0.375","266.367","2.531270","39.505861","null","null","null","null","null","none","0"
"resolution-matrix.v1","rtx5060-docker","docker","omarelghati/nvcr:0.19.1-amd64-cuda12.8-trt10.9","omarelghati/nvcr@sha256:9f602e6d2543df122b7e37f4e28400f8639f50884562628832b9a586c67acdbf","decode","360p","/input/360p/BasketballDrive_640x360_50.yuv","640x360","50","100","10","1","2","32","30","360p","94312","0.032747222","0.436","229.484","2.679773","37.316594","34.952783","null","null","null","null","none","0"
"resolution-matrix.v1","rtx5060-docker","docker","omarelghati/nvcr:0.19.1-amd64-cuda12.8-trt10.9","omarelghati/nvcr@sha256:9f602e6d2543df122b7e37f4e28400f8639f50884562628832b9a586c67acdbf","encode","360p","/input/360p/BasketballDrive_640x360_50.yuv","640x360","50","100","10","2","2","32","30","360p","94312","0.032747222","0.370","270.373","2.414995","41.407953","null","null","null","null","null","none","0"
"resolution-matrix.v1","rtx5060-docker","docker","omarelghati/nvcr:0.19.1-amd64-cuda12.8-trt10.9","omarelghati/nvcr@sha256:9f602e6d2543df122b7e37f4e28400f8639f50884562628832b9a586c67acdbf","decode","360p","/input/360p/BasketballDrive_640x360_50.yuv","640x360","50","100","10","2","2","32","30","360p","94312","0.032747222","0.435","230.057","2.679322","37.322875","34.952783","null","null","null","null","none","0"
"resolution-matrix.v1","rtx5060-docker","docker","omarelghati/nvcr:0.19.1-amd64-cuda12.8-trt10.9","omarelghati/nvcr@sha256:9f602e6d2543df122b7e37f4e28400f8639f50884562628832b9a586c67acdbf","encode","360p","/input/360p/BasketballDrive_640x360_50.yuv","640x360","50","100","10","average","2","32","30","360p","94312","0.032747222","0.372500","268.370000","2.473133","40.434542","null","null","null","null","null","none","0"
"resolution-matrix.v1","rtx5060-docker","docker","omarelghati/nvcr:0.19.1-amd64-cuda12.8-trt10.9","omarelghati/nvcr@sha256:9f602e6d2543df122b7e37f4e28400f8639f50884562628832b9a586c67acdbf","decode","360p","/input/360p/BasketballDrive_640x360_50.yuv","640x360","50","100","10","average","2","32","30","360p","94312","0.032747222","0.435500","229.770500","2.679547","37.319741","34.952783","null","null","null","null","none","0"
"resolution-matrix.v1","rtx5060-docker","docker","omarelghati/nvcr:0.19.1-amd64-cuda12.8-trt10.9","omarelghati/nvcr@sha256:9f602e6d2543df122b7e37f4e28400f8639f50884562628832b9a586c67acdbf","encode","540p","/input/540p/BasketballDrive_960x540_50.yuv","960x540","50","100","10","1","2","32","30","540p","159379","0.024595525","0.642","155.878","3.864202","25.878564","null","null","null","null","null","none","0"
"resolution-matrix.v1","rtx5060-docker","docker","omarelghati/nvcr:0.19.1-amd64-cuda12.8-trt10.9","omarelghati/nvcr@sha256:9f602e6d2543df122b7e37f4e28400f8639f50884562628832b9a586c67acdbf","decode","540p","/input/540p/BasketballDrive_960x540_50.yuv","960x540","50","100","10","1","2","32","30","540p","159379","0.024595525","0.777","128.676","3.138951","31.857777","35.978429","null","null","null","null","none","0"
"resolution-matrix.v1","rtx5060-docker","docker","omarelghati/nvcr:0.19.1-amd64-cuda12.8-trt10.9","omarelghati/nvcr@sha256:9f602e6d2543df122b7e37f4e28400f8639f50884562628832b9a586c67acdbf","encode","540p","/input/540p/BasketballDrive_960x540_50.yuv","960x540","50","100","10","2","2","32","30","540p","159379","0.024595525","0.659","151.685","2.911386","34.347902","null","null","null","null","null","none","0"
"resolution-matrix.v1","rtx5060-docker","docker","omarelghati/nvcr:0.19.1-amd64-cuda12.8-trt10.9","omarelghati/nvcr@sha256:9f602e6d2543df122b7e37f4e28400f8639f50884562628832b9a586c67acdbf","decode","540p","/input/540p/BasketballDrive_960x540_50.yuv","960x540","50","100","10","2","2","32","30","540p","159379","0.024595525","0.779","128.401","3.193224","31.316312","35.978429","null","null","null","null","none","0"
"resolution-matrix.v1","rtx5060-docker","docker","omarelghati/nvcr:0.19.1-amd64-cuda12.8-trt10.9","omarelghati/nvcr@sha256:9f602e6d2543df122b7e37f4e28400f8639f50884562628832b9a586c67acdbf","encode","540p","/input/540p/BasketballDrive_960x540_50.yuv","960x540","50","100","10","average","2","32","30","540p","159379","0.024595525","0.650500","153.781500","3.387794","29.517733","null","null","null","null","null","none","0"
"resolution-matrix.v1","rtx5060-docker","docker","omarelghati/nvcr:0.19.1-amd64-cuda12.8-trt10.9","omarelghati/nvcr@sha256:9f602e6d2543df122b7e37f4e28400f8639f50884562628832b9a586c67acdbf","decode","540p","/input/540p/BasketballDrive_960x540_50.yuv","960x540","50","100","10","average","2","32","30","540p","159379","0.024595525","0.778000","128.538500","3.166088","31.584719","35.978429","null","null","null","null","none","0"
"resolution-matrix.v1","rtx5060-docker","docker","omarelghati/nvcr:0.19.1-amd64-cuda12.8-trt10.9","omarelghati/nvcr@sha256:9f602e6d2543df122b7e37f4e28400f8639f50884562628832b9a586c67acdbf","encode","720p","/input/720p/FourPeople_1280x720_60.yuv","1280x720","30","100","10","1","2","32","30","720p","138551","0.012026997","1.100","90.883","3.395063","29.454534","null","null","null","null","null","none","0"
"resolution-matrix.v1","rtx5060-docker","docker","omarelghati/nvcr:0.19.1-amd64-cuda12.8-trt10.9","omarelghati/nvcr@sha256:9f602e6d2543df122b7e37f4e28400f8639f50884562628832b9a586c67acdbf","decode","720p","/input/720p/FourPeople_1280x720_60.yuv","1280x720","30","100","10","1","2","32","30","720p","138551","0.012026997","1.385","72.228","4.035122","24.782398","40.441241","null","null","null","null","none","0"
"resolution-matrix.v1","rtx5060-docker","docker","omarelghati/nvcr:0.19.1-amd64-cuda12.8-trt10.9","omarelghati/nvcr@sha256:9f602e6d2543df122b7e37f4e28400f8639f50884562628832b9a586c67acdbf","encode","720p","/input/720p/FourPeople_1280x720_60.yuv","1280x720","30","100","10","2","2","32","30","720p","138551","0.012026997","1.098","91.060","3.408044","29.342344","null","null","null","null","null","none","0"
"resolution-matrix.v1","rtx5060-docker","docker","omarelghati/nvcr:0.19.1-amd64-cuda12.8-trt10.9","omarelghati/nvcr@sha256:9f602e6d2543df122b7e37f4e28400f8639f50884562628832b9a586c67acdbf","decode","720p","/input/720p/FourPeople_1280x720_60.yuv","1280x720","30","100","10","2","2","32","30","720p","138551","0.012026997","1.380","72.439","4.153868","24.073947","40.441241","null","null","null","null","none","0"
"resolution-matrix.v1","rtx5060-docker","docker","omarelghati/nvcr:0.19.1-amd64-cuda12.8-trt10.9","omarelghati/nvcr@sha256:9f602e6d2543df122b7e37f4e28400f8639f50884562628832b9a586c67acdbf","encode","720p","/input/720p/FourPeople_1280x720_60.yuv","1280x720","30","100","10","average","2","32","30","720p","138551","0.012026997","1.099000","90.971500","3.401553","29.398337","null","null","null","null","null","none","0"
"resolution-matrix.v1","rtx5060-docker","docker","omarelghati/nvcr:0.19.1-amd64-cuda12.8-trt10.9","omarelghati/nvcr@sha256:9f602e6d2543df122b7e37f4e28400f8639f50884562628832b9a586c67acdbf","decode","720p","/input/720p/FourPeople_1280x720_60.yuv","1280x720","30","100","10","average","2","32","30","720p","138551","0.012026997","1.382500","72.333500","4.094495","24.423036","40.441241","null","null","null","null","none","0"
"resolution-matrix.v1","rtx5060-docker","docker","omarelghati/nvcr:0.19.1-amd64-cuda12.8-trt10.9","omarelghati/nvcr@sha256:9f602e6d2543df122b7e37f4e28400f8639f50884562628832b9a586c67acdbf","encode","1080p","/input/hd/BasketballDrive_1920x1080_50.yuv","1920x1080","60","100","10","1","2","32","30","1080p","406179","0.015670486","2.524","39.623","5.585252","17.904295","null","null","null","null","null","none","0"
"resolution-matrix.v1","rtx5060-docker","docker","omarelghati/nvcr:0.19.1-amd64-cuda12.8-trt10.9","omarelghati/nvcr@sha256:9f602e6d2543df122b7e37f4e28400f8639f50884562628832b9a586c67acdbf","decode","1080p","/input/hd/BasketballDrive_1920x1080_50.yuv","1920x1080","60","100","10","1","2","32","30","1080p","406179","0.015670486","3.180","31.449","6.993767","14.298446","36.532072","null","null","null","null","none","0"
"resolution-matrix.v1","rtx5060-docker","docker","omarelghati/nvcr:0.19.1-amd64-cuda12.8-trt10.9","omarelghati/nvcr@sha256:9f602e6d2543df122b7e37f4e28400f8639f50884562628832b9a586c67acdbf","encode","1080p","/input/hd/BasketballDrive_1920x1080_50.yuv","1920x1080","60","100","10","2","2","32","30","1080p","406179","0.015670486","2.596","38.520","5.550581","18.016132","null","null","null","null","null","none","0"
"resolution-matrix.v1","rtx5060-docker","docker","omarelghati/nvcr:0.19.1-amd64-cuda12.8-trt10.9","omarelghati/nvcr@sha256:9f602e6d2543df122b7e37f4e28400f8639f50884562628832b9a586c67acdbf","decode","1080p","/input/hd/BasketballDrive_1920x1080_50.yuv","1920x1080","60","100","10","2","2","32","30","1080p","406179","0.015670486","3.185","31.393","7.115644","14.053542","36.532072","null","null","null","null","none","0"
"resolution-matrix.v1","rtx5060-docker","docker","omarelghati/nvcr:0.19.1-amd64-cuda12.8-trt10.9","omarelghati/nvcr@sha256:9f602e6d2543df122b7e37f4e28400f8639f50884562628832b9a586c67acdbf","encode","1080p","/input/hd/BasketballDrive_1920x1080_50.yuv","1920x1080","60","100","10","average","2","32","30","1080p","406179","0.015670486","2.560000","39.071500","5.567916","17.960041","null","null","null","null","null","none","0"
"resolution-matrix.v1","rtx5060-docker","docker","omarelghati/nvcr:0.19.1-amd64-cuda12.8-trt10.9","omarelghati/nvcr@sha256:9f602e6d2543df122b7e37f4e28400f8639f50884562628832b9a586c67acdbf","decode","1080p","/input/hd/BasketballDrive_1920x1080_50.yuv","1920x1080","60","100","10","average","2","32","30","1080p","406179","0.015670486","3.182500","31.421000","7.054705","14.174937","36.532072","null","null","null","null","none","0"
"resolution-matrix.v1","rtx5060-docker","docker","omarelghati/nvcr:0.19.1-amd64-cuda12.8-trt10.9","omarelghati/nvcr@sha256:9f602e6d2543df122b7e37f4e28400f8639f50884562628832b9a586c67acdbf","encode","qcif","/input/qcif/akiyo_qcif.yuv","176x144","30","100","10","1","2","32","100","qcif","10015","0.031613005","0.271","369.526","2.215650","45.133482","null","null","null","null","null","none","0"
"resolution-matrix.v1","rtx5060-docker","docker","omarelghati/nvcr:0.19.1-amd64-cuda12.8-trt10.9","omarelghati/nvcr@sha256:9f602e6d2543df122b7e37f4e28400f8639f50884562628832b9a586c67acdbf","decode","qcif","/input/qcif/akiyo_qcif.yuv","176x144","30","100","10","1","2","32","100","qcif","10015","0.031613005","0.216","462.653","2.232670","44.789423","37.955549","null","null","null","null","none","0"
"resolution-matrix.v1","rtx5060-docker","docker","omarelghati/nvcr:0.19.1-amd64-cuda12.8-trt10.9","omarelghati/nvcr@sha256:9f602e6d2543df122b7e37f4e28400f8639f50884562628832b9a586c67acdbf","encode","qcif","/input/qcif/akiyo_qcif.yuv","176x144","30","100","10","2","2","32","100","qcif","10015","0.031613005","0.266","376.618","2.277120","43.915121","null","null","null","null","null","none","0"
"resolution-matrix.v1","rtx5060-docker","docker","omarelghati/nvcr:0.19.1-amd64-cuda12.8-trt10.9","omarelghati/nvcr@sha256:9f602e6d2543df122b7e37f4e28400f8639f50884562628832b9a586c67acdbf","decode","qcif","/input/qcif/akiyo_qcif.yuv","176x144","30","100","10","2","2","32","100","qcif","10015","0.031613005","0.217","460.613","2.150728","46.495884","37.955549","null","null","null","null","none","0"
"resolution-matrix.v1","rtx5060-docker","docker","omarelghati/nvcr:0.19.1-amd64-cuda12.8-trt10.9","omarelghati/nvcr@sha256:9f602e6d2543df122b7e37f4e28400f8639f50884562628832b9a586c67acdbf","encode","qcif","/input/qcif/akiyo_qcif.yuv","176x144","30","100","10","average","2","32","100","qcif","10015","0.031613005","0.268500","373.072000","2.246385","44.515967","null","null","null","null","null","none","0"
"resolution-matrix.v1","rtx5060-docker","docker","omarelghati/nvcr:0.19.1-amd64-cuda12.8-trt10.9","omarelghati/nvcr@sha256:9f602e6d2543df122b7e37f4e28400f8639f50884562628832b9a586c67acdbf","decode","qcif","/input/qcif/akiyo_qcif.yuv","176x144","30","100","10","average","2","32","100","qcif","10015","0.031613005","0.216500","461.633000","2.191699","45.626703","37.955549","null","null","null","null","none","0"
"resolution-matrix.v1","rtx5060-docker","docker","omarelghati/nvcr:0.19.1-amd64-cuda12.8-trt10.9","omarelghati/nvcr@sha256:9f602e6d2543df122b7e37f4e28400f8639f50884562628832b9a586c67acdbf","encode","cif","/input/cif/waterfall_cif.yuv","352x288","30","100","10","1","2","32","100","cif","32953","0.026004577","0.257","388.596","2.358202","42.405188","null","null","null","null","null","none","0"
"resolution-matrix.v1","rtx5060-docker","docker","omarelghati/nvcr:0.19.1-amd64-cuda12.8-trt10.9","omarelghati/nvcr@sha256:9f602e6d2543df122b7e37f4e28400f8639f50884562628832b9a586c67acdbf","decode","cif","/input/cif/waterfall_cif.yuv","352x288","30","100","10","1","2","32","100","cif","32953","0.026004577","0.287","348.848","2.431887","41.120332","34.725773","null","null","null","null","none","0"
"resolution-matrix.v1","rtx5060-docker","docker","omarelghati/nvcr:0.19.1-amd64-cuda12.8-trt10.9","omarelghati/nvcr@sha256:9f602e6d2543df122b7e37f4e28400f8639f50884562628832b9a586c67acdbf","encode","cif","/input/cif/waterfall_cif.yuv","352x288","30","100","10","2","2","32","100","cif","32953","0.026004577","0.276","362.190","2.163927","46.212280","null","null","null","null","null","none","0"
"resolution-matrix.v1","rtx5060-docker","docker","omarelghati/nvcr:0.19.1-amd64-cuda12.8-trt10.9","omarelghati/nvcr@sha256:9f602e6d2543df122b7e37f4e28400f8639f50884562628832b9a586c67acdbf","decode","cif","/input/cif/waterfall_cif.yuv","352x288","30","100","10","2","2","32","100","cif","32953","0.026004577","0.290","344.306","2.321326","43.078826","34.725773","null","null","null","null","none","0"
"resolution-matrix.v1","rtx5060-docker","docker","omarelghati/nvcr:0.19.1-amd64-cuda12.8-trt10.9","omarelghati/nvcr@sha256:9f602e6d2543df122b7e37f4e28400f8639f50884562628832b9a586c67acdbf","encode","cif","/input/cif/waterfall_cif.yuv","352x288","30","100","10","average","2","32","100","cif","32953","0.026004577","0.266500","375.393000","2.261064","44.226966","null","null","null","null","null","none","0"
"resolution-matrix.v1","rtx5060-docker","docker","omarelghati/nvcr:0.19.1-amd64-cuda12.8-trt10.9","omarelghati/nvcr@sha256:9f602e6d2543df122b7e37f4e28400f8639f50884562628832b9a586c67acdbf","decode","cif","/input/cif/waterfall_cif.yuv","352x288","30","100","10","average","2","32","100","cif","32953","0.026004577","0.288500","346.577000","2.376606","42.076810","34.725773","null","null","null","null","none","0"
"resolution-matrix.v1","rtx5060-docker","docker","omarelghati/nvcr:0.19.1-amd64-cuda12.8-trt10.9","omarelghati/nvcr@sha256:9f602e6d2543df122b7e37f4e28400f8639f50884562628832b9a586c67acdbf","encode","360p","/input/360p/BasketballDrive_640x360_50.yuv","640x360","50","100","10","1","2","32","100","360p","77960","0.027069444","0.353","283.038","2.475964","40.388309","null","null","null","null","null","none","0"
"resolution-matrix.v1","rtx5060-docker","docker","omarelghati/nvcr:0.19.1-amd64-cuda12.8-trt10.9","omarelghati/nvcr@sha256:9f602e6d2543df122b7e37f4e28400f8639f50884562628832b9a586c67acdbf","decode","360p","/input/360p/BasketballDrive_640x360_50.yuv","640x360","50","100","10","1","2","32","100","360p","77960","0.027069444","0.431","231.947","2.554443","39.147478","34.692829","null","null","null","null","none","0"
"resolution-matrix.v1","rtx5060-docker","docker","omarelghati/nvcr:0.19.1-amd64-cuda12.8-trt10.9","omarelghati/nvcr@sha256:9f602e6d2543df122b7e37f4e28400f8639f50884562628832b9a586c67acdbf","encode","360p","/input/360p/BasketballDrive_640x360_50.yuv","640x360","50","100","10","2","2","32","100","360p","77960","0.027069444","0.348","287.245","2.469057","40.501293","null","null","null","null","null","none","0"
"resolution-matrix.v1","rtx5060-docker","docker","omarelghati/nvcr:0.19.1-amd64-cuda12.8-trt10.9","omarelghati/nvcr@sha256:9f602e6d2543df122b7e37f4e28400f8639f50884562628832b9a586c67acdbf","decode","360p","/input/360p/BasketballDrive_640x360_50.yuv","640x360","50","100","10","2","2","32","100","360p","77960","0.027069444","0.428","233.642","2.627020","38.065945","34.692829","null","null","null","null","none","0"
"resolution-matrix.v1","rtx5060-docker","docker","omarelghati/nvcr:0.19.1-amd64-cuda12.8-trt10.9","omarelghati/nvcr@sha256:9f602e6d2543df122b7e37f4e28400f8639f50884562628832b9a586c67acdbf","encode","360p","/input/360p/BasketballDrive_640x360_50.yuv","640x360","50","100","10","average","2","32","100","360p","77960","0.027069444","0.350500","285.141500","2.472510","40.444730","null","null","null","null","null","none","0"
"resolution-matrix.v1","rtx5060-docker","docker","omarelghati/nvcr:0.19.1-amd64-cuda12.8-trt10.9","omarelghati/nvcr@sha256:9f602e6d2543df122b7e37f4e28400f8639f50884562628832b9a586c67acdbf","decode","360p","/input/360p/BasketballDrive_640x360_50.yuv","640x360","50","100","10","average","2","32","100","360p","77960","0.027069444","0.429500","232.794500","2.590731","38.599144","34.692829","null","null","null","null","none","0"
"resolution-matrix.v1","rtx5060-docker","docker","omarelghati/nvcr:0.19.1-amd64-cuda12.8-trt10.9","omarelghati/nvcr@sha256:9f602e6d2543df122b7e37f4e28400f8639f50884562628832b9a586c67acdbf","encode","540p","/input/540p/BasketballDrive_960x540_50.yuv","960x540","50","100","10","1","2","32","100","540p","132289","0.020414969","0.598","167.251","2.855350","35.021976","null","null","null","null","null","none","0"
"resolution-matrix.v1","rtx5060-docker","docker","omarelghati/nvcr:0.19.1-amd64-cuda12.8-trt10.9","omarelghati/nvcr@sha256:9f602e6d2543df122b7e37f4e28400f8639f50884562628832b9a586c67acdbf","decode","540p","/input/540p/BasketballDrive_960x540_50.yuv","960x540","50","100","10","1","2","32","100","540p","132289","0.020414969","0.746","134.036","3.187192","31.375581","35.697533","null","null","null","null","none","0"
"resolution-matrix.v1","rtx5060-docker","docker","omarelghati/nvcr:0.19.1-amd64-cuda12.8-trt10.9","omarelghati/nvcr@sha256:9f602e6d2543df122b7e37f4e28400f8639f50884562628832b9a586c67acdbf","encode","540p","/input/540p/BasketballDrive_960x540_50.yuv","960x540","50","100","10","2","2","32","100","540p","132289","0.020414969","0.602","166.164","2.836181","35.258681","null","null","null","null","null","none","0"
"resolution-matrix.v1","rtx5060-docker","docker","omarelghati/nvcr:0.19.1-amd64-cuda12.8-trt10.9","omarelghati/nvcr@sha256:9f602e6d2543df122b7e37f4e28400f8639f50884562628832b9a586c67acdbf","decode","540p","/input/540p/BasketballDrive_960x540_50.yuv","960x540","50","100","10","2","2","32","100","540p","132289","0.020414969","0.754","132.662","3.247992","30.788253","35.697533","null","null","null","null","none","0"
"resolution-matrix.v1","rtx5060-docker","docker","omarelghati/nvcr:0.19.1-amd64-cuda12.8-trt10.9","omarelghati/nvcr@sha256:9f602e6d2543df122b7e37f4e28400f8639f50884562628832b9a586c67acdbf","encode","540p","/input/540p/BasketballDrive_960x540_50.yuv","960x540","50","100","10","average","2","32","100","540p","132289","0.020414969","0.600000","166.707500","2.845766","35.139924","null","null","null","null","null","none","0"
"resolution-matrix.v1","rtx5060-docker","docker","omarelghati/nvcr:0.19.1-amd64-cuda12.8-trt10.9","omarelghati/nvcr@sha256:9f602e6d2543df122b7e37f4e28400f8639f50884562628832b9a586c67acdbf","decode","540p","/input/540p/BasketballDrive_960x540_50.yuv","960x540","50","100","10","average","2","32","100","540p","132289","0.020414969","0.750000","133.349000","3.217592","31.079142","35.697533","null","null","null","null","none","0"
"resolution-matrix.v1","rtx5060-docker","docker","omarelghati/nvcr:0.19.1-amd64-cuda12.8-trt10.9","omarelghati/nvcr@sha256:9f602e6d2543df122b7e37f4e28400f8639f50884562628832b9a586c67acdbf","encode","720p","/input/720p/FourPeople_1280x720_60.yuv","1280x720","30","100","10","1","2","32","100","720p","76746","0.006661979","1.023","97.732","3.335009","29.984927","null","null","null","null","null","none","0"
"resolution-matrix.v1","rtx5060-docker","docker","omarelghati/nvcr:0.19.1-amd64-cuda12.8-trt10.9","omarelghati/nvcr@sha256:9f602e6d2543df122b7e37f4e28400f8639f50884562628832b9a586c67acdbf","decode","720p","/input/720p/FourPeople_1280x720_60.yuv","1280x720","30","100","10","1","2","32","100","720p","76746","0.006661979","1.335","74.910","3.969715","25.190725","40.359799","null","null","null","null","none","0"
"resolution-matrix.v1","rtx5060-docker","docker","omarelghati/nvcr:0.19.1-amd64-cuda12.8-trt10.9","omarelghati/nvcr@sha256:9f602e6d2543df122b7e37f4e28400f8639f50884562628832b9a586c67acdbf","encode","720p","/input/720p/FourPeople_1280x720_60.yuv","1280x720","30","100","10","2","2","32","100","720p","76746","0.006661979","1.064","93.963","3.308230","30.227644","null","null","null","null","null","none","0"
"resolution-matrix.v1","rtx5060-docker","docker","omarelghati/nvcr:0.19.1-amd64-cuda12.8-trt10.9","omarelghati/nvcr@sha256:9f602e6d2543df122b7e37f4e28400f8639f50884562628832b9a586c67acdbf","decode","720p","/input/720p/FourPeople_1280x720_60.yuv","1280x720","30","100","10","2","2","32","100","720p","76746","0.006661979","1.330","75.200","3.952252","25.302030","40.359799","null","null","null","null","none","0"
"resolution-matrix.v1","rtx5060-docker","docker","omarelghati/nvcr:0.19.1-amd64-cuda12.8-trt10.9","omarelghati/nvcr@sha256:9f602e6d2543df122b7e37f4e28400f8639f50884562628832b9a586c67acdbf","encode","720p","/input/720p/FourPeople_1280x720_60.yuv","1280x720","30","100","10","average","2","32","100","720p","76746","0.006661979","1.043500","95.847500","3.321620","30.105792","null","null","null","null","null","none","0"
"resolution-matrix.v1","rtx5060-docker","docker","omarelghati/nvcr:0.19.1-amd64-cuda12.8-trt10.9","omarelghati/nvcr@sha256:9f602e6d2543df122b7e37f4e28400f8639f50884562628832b9a586c67acdbf","decode","720p","/input/720p/FourPeople_1280x720_60.yuv","1280x720","30","100","10","average","2","32","100","720p","76746","0.006661979","1.332500","75.055000","3.960984","25.246252","40.359799","null","null","null","null","none","0"
"resolution-matrix.v1","rtx5060-docker","docker","omarelghati/nvcr:0.19.1-amd64-cuda12.8-trt10.9","omarelghati/nvcr@sha256:9f602e6d2543df122b7e37f4e28400f8639f50884562628832b9a586c67acdbf","encode","1080p","/input/hd/BasketballDrive_1920x1080_50.yuv","1920x1080","60","100","10","1","2","32","100","1080p","340907","0.013152276","2.410","41.487","5.514442","18.134201","null","null","null","null","null","none","0"
"resolution-matrix.v1","rtx5060-docker","docker","omarelghati/nvcr:0.19.1-amd64-cuda12.8-trt10.9","omarelghati/nvcr@sha256:9f602e6d2543df122b7e37f4e28400f8639f50884562628832b9a586c67acdbf","decode","1080p","/input/hd/BasketballDrive_1920x1080_50.yuv","1920x1080","60","100","10","1","2","32","100","1080p","340907","0.013152276","3.044","32.852","7.722558","12.949077","36.319967","null","null","null","null","none","0"
"resolution-matrix.v1","rtx5060-docker","docker","omarelghati/nvcr:0.19.1-amd64-cuda12.8-trt10.9","omarelghati/nvcr@sha256:9f602e6d2543df122b7e37f4e28400f8639f50884562628832b9a586c67acdbf","encode","1080p","/input/hd/BasketballDrive_1920x1080_50.yuv","1920x1080","60","100","10","2","2","32","100","1080p","340907","0.013152276","2.420","41.317","5.341460","18.721473","null","null","null","null","null","none","0"
"resolution-matrix.v1","rtx5060-docker","docker","omarelghati/nvcr:0.19.1-amd64-cuda12.8-trt10.9","omarelghati/nvcr@sha256:9f602e6d2543df122b7e37f4e28400f8639f50884562628832b9a586c67acdbf","decode","1080p","/input/hd/BasketballDrive_1920x1080_50.yuv","1920x1080","60","100","10","2","2","32","100","1080p","340907","0.013152276","3.071","32.566","6.927142","14.435968","36.319967","null","null","null","null","none","0"
"resolution-matrix.v1","rtx5060-docker","docker","omarelghati/nvcr:0.19.1-amd64-cuda12.8-trt10.9","omarelghati/nvcr@sha256:9f602e6d2543df122b7e37f4e28400f8639f50884562628832b9a586c67acdbf","encode","1080p","/input/hd/BasketballDrive_1920x1080_50.yuv","1920x1080","60","100","10","average","2","32","100","1080p","340907","0.013152276","2.415000","41.402000","5.427951","18.423158","null","null","null","null","null","none","0"
"resolution-matrix.v1","rtx5060-docker","docker","omarelghati/nvcr:0.19.1-amd64-cuda12.8-trt10.9","omarelghati/nvcr@sha256:9f602e6d2543df122b7e37f4e28400f8639f50884562628832b9a586c67acdbf","decode","1080p","/input/hd/BasketballDrive_1920x1080_50.yuv","1920x1080","60","100","10","average","2","32","100","1080p","340907","0.013152276","3.057500","32.709000","7.324850","13.652157","36.319967","null","null","null","null","none","0"
